{
  "fetched": "2026-03-03T15:38:23Z",
  "ok": 19,
  "failed": 0,
  "quotes": {
    "corn": {
      "ticker": "ZC=F",
      "close": 447.25,
      "open": 446.5,
      "netChange": 0.75,
      "pctChange": 0.168,
      "wk52_hi": 490.75,
      "wk52_lo": 368.75
    },
    "corn-dec": {
      "ticker": "ZCZ26.CBT",
      "close": 471.5,
      "open": 470.25,
      "netChange": 1.25,
      "pctChange": 0.2658,
      "wk52_hi": 477.0,
      "wk52_lo": 440.75
    },
    "beans": {
      "ticker": "ZS=F",
      "close": 1165.75,
      "open": 1170.25,
      "netChange": -4.5,
      "pctChange": -0.3845,
      "wk52_hi": 1169.75,
      "wk52_lo": 960.75
    },
    "beans-nov": {
      "ticker": "ZSX26.CBT",
      "close": 1128.0,
      "open": 1132.75,
      "netChange": -4.75,
      "pctChange": -0.4193,
      "wk52_hi": 1136.0,
      "wk52_lo": 992.0
    },
    "wheat": {
      "ticker": "ZW=F",
      "close": 572.0,
      "open": 577.0,
      "netChange": -5.0,
      "pctChange": -0.8666,
      "wk52_hi": 596.0,
      "wk52_lo": 492.25
    },
    "oats": {
      "ticker": "ZO=F",
      "close": 322.25,
      "open": 316.5,
      "netChange": 5.75,
      "pctChange": 1.8167,
      "wk52_hi": 403.5,
      "wk52_lo": 272.0
    },
    "cattle": {
      "ticker": "LE=F",
      "close": 226.22501,
      "open": 233.64999,
      "netChange": -7.42498,
      "pctChange": -3.1778,
      "wk52_hi": 247.75,
      "wk52_lo": 189.5
    },
    "feeders": {
      "ticker": "GF=F",
      "close": 332.5,
      "open": 353.70001,
      "netChange": -21.20001,
      "pctChange": -5.9938,
      "wk52_hi": 381.025,
      "wk52_lo": 269.175
    },
    "hogs": {
      "ticker": "HE=F",
      "close": 86.25,
      "open": 95.575,
      "netChange": -9.325,
      "pctChange": -9.7567,
      "wk52_hi": 113.7,
      "wk52_lo": 77.35
    },
    "milk": {
      "ticker": "DC=F",
      "close": 17.03,
      "open": 18.02,
      "netChange": -0.99,
      "pctChange": -5.4939,
      "wk52_hi": 20.24,
      "wk52_lo": 14.53
    },
    "meal": {
      "ticker": "ZM=F",
      "close": 311.79999,
      "open": 314.0,
      "netChange": -2.20001,
      "pctChange": -0.7006,
      "wk52_hi": 331.7,
      "wk52_lo": 258.6
    },
    "soyoil": {
      "ticker": "ZL=F",
      "close": 62.79,
      "open": 63.24,
      "netChange": -0.45,
      "pctChange": -0.7116,
      "wk52_hi": 63.11,
      "wk52_lo": 40.78
    },
    "crude": {
      "ticker": "CL=F",
      "close": 77.52,
      "open": 72.67,
      "netChange": 4.85,
      "pctChange": 6.674,
      "wk52_hi": 78.4,
      "wk52_lo": 54.98
    },
    "natgas": {
      "ticker": "NG=F",
      "close": 3.111,
      "open": 3.03,
      "netChange": 0.081,
      "pctChange": 2.6733,
      "wk52_hi": 7.827,
      "wk52_lo": 2.622
    },
    "gold": {
      "ticker": "GC=F",
      "close": 5056.6001,
      "open": 5377.8999,
      "netChange": -321.2998,
      "pctChange": -5.9744,
      "wk52_hi": 5586.2002,
      "wk52_lo": 2880.2
    },
    "silver": {
      "ticker": "SI=F",
      "close": 80.925,
      "open": 89.885,
      "netChange": -8.96,
      "pctChange": -9.9683,
      "wk52_hi": 121.3,
      "wk52_lo": 28.31
    },
    "dollar": {
      "ticker": "DX=F",
      "close": 99.595,
      "open": 98.595,
      "netChange": 1.0,
      "pctChange": 1.0143,
      "wk52_hi": 106.6,
      "wk52_lo": 95.36
    },
    "treasury10": {
      "ticker": "^TNX",
      "close": 4.067,
      "open": 4.048,
      "netChange": 0.019,
      "pctChange": 0.4694,
      "wk52_hi": 4.629,
      "wk52_lo": 3.886
    },
    "sp500": {
      "ticker": "^GSPC",
      "close": 6730.95996,
      "open": 6880.0498,
      "netChange": -149.08984,
      "pctChange": -2.167,
      "wk52_hi": 7002.2798,
      "wk52_lo": 4835.04
    }
  }
}