{
  "fetched": "2026-04-16T13:48:28Z",
  "ok": 21,
  "failed": 1,
  "quotes": {
    "corn": {
      "ticker": "ZC=F",
      "close": 450.75,
      "open": 451.5,
      "netChange": -0.75,
      "pctChange": -0.1661,
      "wk52_hi": 487.25,
      "wk52_lo": 368.75
    },
    "corn-dec": {
      "ticker": "ZCZ26.CBT",
      "close": 479.25,
      "open": 479.0,
      "netChange": 0.25,
      "pctChange": 0.0522,
      "wk52_hi": 498.5,
      "wk52_lo": 440.75
    },
    "beans": {
      "ticker": "ZS=F",
      "close": 1167.25,
      "open": 1166.75,
      "netChange": 0.5,
      "pctChange": 0.0429,
      "wk52_hi": 1223.25,
      "wk52_lo": 960.75
    },
    "beans-nov": {
      "ticker": "ZSX26.CBT",
      "close": 1157.75,
      "open": 1155.0,
      "netChange": 2.75,
      "pctChange": 0.2381,
      "wk52_hi": 1174.25,
      "wk52_lo": 1023.25
    },
    "wheat": {
      "ticker": "ZW=F",
      "close": 610.75,
      "open": 602.25,
      "netChange": 8.5,
      "pctChange": 1.4114,
      "wk52_hi": 635.0,
      "wk52_lo": 492.25
    },
    "oats": {
      "ticker": "ZO=F",
      "close": 342.75,
      "open": 347.25,
      "netChange": -4.5,
      "pctChange": -1.2959,
      "wk52_hi": 403.5,
      "wk52_lo": 272.0
    },
    "cattle": {
      "ticker": "LE=F",
      "close": 250.89999,
      "open": 251.22501,
      "netChange": -0.32502,
      "pctChange": -0.1294,
      "wk52_hi": 253.6,
      "wk52_lo": 204.55
    },
    "feeders": {
      "ticker": "GF=F",
      "close": 373.20001,
      "open": 372.07501,
      "netChange": 1.125,
      "pctChange": 0.3024,
      "wk52_hi": 381.025,
      "wk52_lo": 285.1
    },
    "hogs": {
      "ticker": "HE=F",
      "close": 101.675,
      "open": 101.825,
      "netChange": -0.15,
      "pctChange": -0.1473,
      "wk52_hi": 113.7,
      "wk52_lo": 77.35
    },
    "milk": {
      "ticker": "DC=F",
      "close": 17.34,
      "open": 18.28,
      "netChange": -0.94,
      "pctChange": -5.1422,
      "wk52_hi": 18.89,
      "wk52_lo": 14.53
    },
    "meal": {
      "ticker": "ZM=F",
      "close": 329.5,
      "open": 329.79999,
      "netChange": -0.29999,
      "pctChange": -0.091,
      "wk52_hi": 339.6,
      "wk52_lo": 258.6
    },
    "soyoil": {
      "ticker": "ZL=F",
      "close": 68.21,
      "open": 67.63,
      "netChange": 0.58,
      "pctChange": 0.8576,
      "wk52_hi": 70.49,
      "wk52_lo": 45.74
    },
    "crude": {
      "ticker": "CL=F",
      "close": 89.38,
      "open": 91.73,
      "netChange": -2.35,
      "pctChange": -2.5619,
      "wk52_hi": 119.48,
      "wk52_lo": 54.98
    },
    "natgas": {
      "ticker": "NG=F",
      "close": 2.631,
      "open": 2.593,
      "netChange": 0.038,
      "pctChange": 1.4655,
      "wk52_hi": 7.827,
      "wk52_lo": 2.561
    },
    "gold": {
      "ticker": "GC=F",
      "close": 4842.7998,
      "open": 4847.7002,
      "netChange": -4.9004,
      "pctChange": -0.1011,
      "wk52_hi": 5586.2002,
      "wk52_lo": 3125.0
    },
    "silver": {
      "ticker": "SI=F",
      "close": 79.74,
      "open": 80.61,
      "netChange": -0.87,
      "pctChange": -1.0793,
      "wk52_hi": 121.3,
      "wk52_lo": 31.685
    },
    "dollar": {
      "ticker": "DX=F",
      "close": 100.0,
      "open": 99.873,
      "netChange": 0.127,
      "pctChange": 0.1272
    },
    "treasury10": {
      "ticker": "^TNX",
      "close": 4.272,
      "open": 4.282,
      "netChange": -0.01,
      "pctChange": -0.2335,
      "wk52_hi": 4.629,
      "wk52_lo": 3.947
    },
    "sp500": {
      "ticker": "^GSPC",
      "close": 7029.50977,
      "open": 7022.1001,
      "netChange": 7.40967,
      "pctChange": 0.1055,
      "wk52_hi": 7026.2402,
      "wk52_lo": 5101.6299
    },
    "bitcoin": {
      "ticker": "BTC-USD",
      "close": 74449.63281,
      "open": 74827.02344,
      "netChange": -377.39063,
      "pctChange": -0.5044,
      "wk52_hi": 126198.0703,
      "wk52_lo": 60074.2031
    },
    "ripple": {
      "ticker": "XRP-USD",
      "close": 1.4267,
      "open": 1.3918,
      "netChange": 0.0349,
      "pctChange": 2.5075,
      "wk52_hi": 3.6502,
      "wk52_lo": 1.1335
    },
    "kaspa": {
      "ticker": "KAS-USD",
      "close": 0.0336,
      "open": 0.03313,
      "netChange": 0.00047,
      "pctChange": 1.4187,
      "wk52_hi": 0.1308,
      "wk52_lo": 0.0139
    }
  }
}