{
  "fetched": "2026-04-08T11:29:46Z",
  "ok": 21,
  "failed": 1,
  "quotes": {
    "corn": {
      "ticker": "ZC=F",
      "close": 445.25,
      "open": 444.25,
      "netChange": 1.0,
      "pctChange": 0.2251,
      "wk52_hi": 490.75,
      "wk52_lo": 368.75
    },
    "corn-dec": {
      "ticker": "ZCZ26.CBT",
      "close": 473.0,
      "open": 472.0,
      "netChange": 1.0,
      "pctChange": 0.2119,
      "wk52_hi": 498.5,
      "wk52_lo": 440.75
    },
    "beans": {
      "ticker": "ZS=F",
      "close": 1160.75,
      "open": 1155.0,
      "netChange": 5.75,
      "pctChange": 0.4978,
      "wk52_hi": 1223.25,
      "wk52_lo": 960.75
    },
    "beans-nov": {
      "ticker": "ZSX26.CBT",
      "close": 1151.0,
      "open": 1146.25,
      "netChange": 4.75,
      "pctChange": 0.4144,
      "wk52_hi": 1174.25,
      "wk52_lo": 992.0
    },
    "wheat": {
      "ticker": "ZW=F",
      "close": 580.25,
      "open": 580.75,
      "netChange": -0.5,
      "pctChange": -0.0861,
      "wk52_hi": 635.0,
      "wk52_lo": 492.25
    },
    "oats": {
      "ticker": "ZO=F",
      "close": 334.5,
      "open": 335.5,
      "netChange": -1.0,
      "pctChange": -0.2981,
      "wk52_hi": 403.5,
      "wk52_lo": 272.0
    },
    "cattle": {
      "ticker": "LE=F",
      "close": 245.55,
      "open": 247.02499,
      "netChange": -1.47499,
      "pctChange": -0.5971,
      "wk52_hi": 249.0,
      "wk52_lo": 197.75
    },
    "feeders": {
      "ticker": "GF=F",
      "close": 366.425,
      "open": 370.35001,
      "netChange": -3.92501,
      "pctChange": -1.0598,
      "wk52_hi": 381.025,
      "wk52_lo": 280.075
    },
    "hogs": {
      "ticker": "HE=F",
      "close": 107.075,
      "open": 107.7,
      "netChange": -0.625,
      "pctChange": -0.5803,
      "wk52_hi": 113.7,
      "wk52_lo": 77.35
    },
    "milk": {
      "ticker": "DC=F",
      "close": 17.37,
      "open": 17.4,
      "netChange": -0.03,
      "pctChange": -0.1724,
      "wk52_hi": 18.89,
      "wk52_lo": 14.53
    },
    "meal": {
      "ticker": "ZM=F",
      "close": 315.0,
      "open": 313.70001,
      "netChange": 1.29999,
      "pctChange": 0.4144,
      "wk52_hi": 335.5,
      "wk52_lo": 258.6
    },
    "soyoil": {
      "ticker": "ZL=F",
      "close": 67.49,
      "open": 67.24,
      "netChange": 0.25,
      "pctChange": 0.3718,
      "wk52_hi": 70.49,
      "wk52_lo": 43.83
    },
    "crude": {
      "ticker": "CL=F",
      "close": 94.55,
      "open": 96.48,
      "netChange": -1.93,
      "pctChange": -2.0004,
      "wk52_hi": 119.48,
      "wk52_lo": 54.98
    },
    "natgas": {
      "ticker": "NG=F",
      "close": 2.73,
      "open": 2.745,
      "netChange": -0.015,
      "pctChange": -0.5464,
      "wk52_hi": 7.827,
      "wk52_lo": 2.622
    },
    "gold": {
      "ticker": "GC=F",
      "close": 4812.7002,
      "open": 4828.2002,
      "netChange": -15.5,
      "pctChange": -0.321,
      "wk52_hi": 5586.2002,
      "wk52_lo": 2965.8
    },
    "silver": {
      "ticker": "SI=F",
      "close": 77.15,
      "open": 76.455,
      "netChange": 0.695,
      "pctChange": 0.909,
      "wk52_hi": 121.3,
      "wk52_lo": 29.255
    },
    "dollar": {
      "ticker": "DX=F",
      "close": 100.0,
      "open": 99.873,
      "netChange": 0.127,
      "pctChange": 0.1272
    },
    "treasury10": {
      "ticker": "^TNX",
      "close": 4.343,
      "open": 4.335,
      "netChange": 0.008,
      "pctChange": 0.1845,
      "wk52_hi": 4.629,
      "wk52_lo": 3.947
    },
    "sp500": {
      "ticker": "^GSPC",
      "close": 6616.8501,
      "open": 6611.83,
      "netChange": 5.0201,
      "pctChange": 0.0759,
      "wk52_hi": 7002.2798,
      "wk52_lo": 4948.4302
    },
    "bitcoin": {
      "ticker": "BTC-USD",
      "close": 71641.86719,
      "open": 71926.75781,
      "netChange": -284.89062,
      "pctChange": -0.3961,
      "wk52_hi": 126198.0703,
      "wk52_lo": 60074.2031
    },
    "ripple": {
      "ticker": "XRP-USD",
      "close": 1.38049,
      "open": 1.38145,
      "netChange": -0.00096,
      "pctChange": -0.0695,
      "wk52_hi": 3.6502,
      "wk52_lo": 1.1335
    },
    "kaspa": {
      "ticker": "KAS-USD",
      "close": 0.03326,
      "open": 0.03284,
      "netChange": 0.00042,
      "pctChange": 1.2789,
      "wk52_hi": 0.1308,
      "wk52_lo": 0.0139
    }
  }
}