{
  "fetched": "2026-03-30T19:47:31Z",
  "ok": 21,
  "failed": 1,
  "quotes": {
    "corn": {
      "ticker": "ZC=F",
      "close": 455.25,
      "open": 463.25,
      "netChange": -8.0,
      "pctChange": -1.7269,
      "wk52_hi": 490.75,
      "wk52_lo": 368.75
    },
    "corn-dec": {
      "ticker": "ZCZ26.CBT",
      "close": 483.25,
      "open": 491.0,
      "netChange": -7.75,
      "pctChange": -1.5784,
      "wk52_hi": 498.5,
      "wk52_lo": 440.75
    },
    "beans": {
      "ticker": "ZS=F",
      "close": 1158.75,
      "open": 1163.0,
      "netChange": -4.25,
      "pctChange": -0.3654,
      "wk52_hi": 1223.25,
      "wk52_lo": 960.75
    },
    "beans-nov": {
      "ticker": "ZSX26.CBT",
      "close": 1143.0,
      "open": 1147.25,
      "netChange": -4.25,
      "pctChange": -0.3705,
      "wk52_hi": 1174.25,
      "wk52_lo": 992.0
    },
    "wheat": {
      "ticker": "ZW=F",
      "close": 607.5,
      "open": 605.5,
      "netChange": 2.0,
      "pctChange": 0.3303,
      "wk52_hi": 635.0,
      "wk52_lo": 492.25
    },
    "oats": {
      "ticker": "ZO=F",
      "close": 350.25,
      "open": 346.0,
      "netChange": 4.25,
      "pctChange": 1.2283,
      "wk52_hi": 403.5,
      "wk52_lo": 272.0
    },
    "cattle": {
      "ticker": "LE=F",
      "close": 240.39999,
      "open": 238.77499,
      "netChange": 1.625,
      "pctChange": 0.6806,
      "wk52_hi": 247.75,
      "wk52_lo": 197.75
    },
    "feeders": {
      "ticker": "GF=F",
      "close": 361.85001,
      "open": 360.125,
      "netChange": 1.72501,
      "pctChange": 0.479,
      "wk52_hi": 381.025,
      "wk52_lo": 273.1
    },
    "hogs": {
      "ticker": "HE=F",
      "close": 105.925,
      "open": 105.975,
      "netChange": -0.05,
      "pctChange": -0.0472,
      "wk52_hi": 113.7,
      "wk52_lo": 77.35
    },
    "milk": {
      "ticker": "DC=F",
      "close": 17.28,
      "open": 17.61,
      "netChange": -0.33,
      "pctChange": -1.8739,
      "wk52_hi": 18.89,
      "wk52_lo": 14.53
    },
    "meal": {
      "ticker": "ZM=F",
      "close": 314.60001,
      "open": 314.70001,
      "netChange": -0.1,
      "pctChange": -0.0318,
      "wk52_hi": 335.5,
      "wk52_lo": 258.6
    },
    "soyoil": {
      "ticker": "ZL=F",
      "close": 68.4,
      "open": 67.97,
      "netChange": 0.43,
      "pctChange": 0.6326,
      "wk52_hi": 69.24,
      "wk52_lo": 43.83
    },
    "crude": {
      "ticker": "CL=F",
      "close": 103.9,
      "open": 101.62,
      "netChange": 2.28,
      "pctChange": 2.2437,
      "wk52_hi": 119.48,
      "wk52_lo": 54.98
    },
    "natgas": {
      "ticker": "NG=F",
      "close": 2.88,
      "open": 2.956,
      "netChange": -0.076,
      "pctChange": -2.571,
      "wk52_hi": 7.827,
      "wk52_lo": 2.622
    },
    "gold": {
      "ticker": "GC=F",
      "close": 4540.3999,
      "open": 4528.1001,
      "netChange": 12.2998,
      "pctChange": 0.2716,
      "wk52_hi": 5586.2002,
      "wk52_lo": 2949.7
    },
    "silver": {
      "ticker": "SI=F",
      "close": 70.225,
      "open": 69.95,
      "netChange": 0.275,
      "pctChange": 0.3931,
      "wk52_hi": 121.3,
      "wk52_lo": 28.31
    },
    "dollar": {
      "ticker": "DX=F",
      "close": 100.0,
      "open": 99.873,
      "netChange": 0.127,
      "pctChange": 0.1272
    },
    "treasury10": {
      "ticker": "^TNX",
      "close": 4.342,
      "open": 4.44,
      "netChange": -0.098,
      "pctChange": -2.2072,
      "wk52_hi": 4.629,
      "wk52_lo": 3.886
    },
    "sp500": {
      "ticker": "^GSPC",
      "close": 6333.8501,
      "open": 6367.77002,
      "netChange": -33.91992,
      "pctChange": -0.5327,
      "wk52_hi": 7002.2798,
      "wk52_lo": 4835.04
    },
    "bitcoin": {
      "ticker": "BTC-USD",
      "close": 66290.42969,
      "open": 65973.13281,
      "netChange": 317.29688,
      "pctChange": 0.4809,
      "wk52_hi": 126198.0703,
      "wk52_lo": 60074.2031
    },
    "ripple": {
      "ticker": "XRP-USD",
      "close": 1.31746,
      "open": 1.32738,
      "netChange": -0.00992,
      "pctChange": -0.7473,
      "wk52_hi": 3.6502,
      "wk52_lo": 1.1335
    },
    "kaspa": {
      "ticker": "KAS-USD",
      "close": 0.03185,
      "open": 0.03289,
      "netChange": -0.00104,
      "pctChange": -3.1621,
      "wk52_hi": 0.1308,
      "wk52_lo": 0.0139
    }
  }
}