{
  "fetched": "2026-03-27T17:14:19Z",
  "ok": 21,
  "failed": 1,
  "quotes": {
    "corn": {
      "ticker": "ZC=F",
      "close": 462.75,
      "open": 467.0,
      "netChange": -4.25,
      "pctChange": -0.9101,
      "wk52_hi": 490.75,
      "wk52_lo": 368.75
    },
    "corn-dec": {
      "ticker": "ZCZ26.CBT",
      "close": 490.75,
      "open": 494.5,
      "netChange": -3.75,
      "pctChange": -0.7583,
      "wk52_hi": 498.5,
      "wk52_lo": 440.75
    },
    "beans": {
      "ticker": "ZS=F",
      "close": 1159.5,
      "open": 1174.75,
      "netChange": -15.25,
      "pctChange": -1.2981,
      "wk52_hi": 1223.25,
      "wk52_lo": 960.75
    },
    "beans-nov": {
      "ticker": "ZSX26.CBT",
      "close": 1145.0,
      "open": 1153.25,
      "netChange": -8.25,
      "pctChange": -0.7154,
      "wk52_hi": 1174.25,
      "wk52_lo": 992.0
    },
    "wheat": {
      "ticker": "ZW=F",
      "close": 602.75,
      "open": 604.75,
      "netChange": -2.0,
      "pctChange": -0.3307,
      "wk52_hi": 635.0,
      "wk52_lo": 492.25
    },
    "oats": {
      "ticker": "ZO=F",
      "close": 341.25,
      "open": 340.25,
      "netChange": 1.0,
      "pctChange": 0.2939,
      "wk52_hi": 403.5,
      "wk52_lo": 272.0
    },
    "cattle": {
      "ticker": "LE=F",
      "close": 238.77499,
      "open": 234.825,
      "netChange": 3.94999,
      "pctChange": 1.6821,
      "wk52_hi": 247.75,
      "wk52_lo": 197.75
    },
    "feeders": {
      "ticker": "GF=F",
      "close": 358.92499,
      "open": 351.97501,
      "netChange": 6.94998,
      "pctChange": 1.9746,
      "wk52_hi": 381.025,
      "wk52_lo": 273.1
    },
    "hogs": {
      "ticker": "HE=F",
      "close": 106.1,
      "open": 104.325,
      "netChange": 1.775,
      "pctChange": 1.7014,
      "wk52_hi": 113.7,
      "wk52_lo": 77.35
    },
    "milk": {
      "ticker": "DC=F",
      "close": 17.68,
      "open": 17.95,
      "netChange": -0.27,
      "pctChange": -1.5042,
      "wk52_hi": 18.89,
      "wk52_lo": 14.53
    },
    "meal": {
      "ticker": "ZM=F",
      "close": 317.10001,
      "open": 322.0,
      "netChange": -4.89999,
      "pctChange": -1.5217,
      "wk52_hi": 335.5,
      "wk52_lo": 258.6
    },
    "soyoil": {
      "ticker": "ZL=F",
      "close": 67.73,
      "open": 68.1,
      "netChange": -0.37,
      "pctChange": -0.5433,
      "wk52_hi": 69.24,
      "wk52_lo": 43.83
    },
    "crude": {
      "ticker": "CL=F",
      "close": 98.68,
      "open": 93.46,
      "netChange": 5.22,
      "pctChange": 5.5853,
      "wk52_hi": 119.48,
      "wk52_lo": 54.98
    },
    "natgas": {
      "ticker": "NG=F",
      "close": 3.0,
      "open": 2.932,
      "netChange": 0.068,
      "pctChange": 2.3192,
      "wk52_hi": 7.827,
      "wk52_lo": 2.622
    },
    "gold": {
      "ticker": "GC=F",
      "close": 4542.3999,
      "open": 4432.0,
      "netChange": 110.3999,
      "pctChange": 2.491,
      "wk52_hi": 5586.2002,
      "wk52_lo": 2949.7
    },
    "silver": {
      "ticker": "SI=F",
      "close": 70.375,
      "open": 69.395,
      "netChange": 0.98,
      "pctChange": 1.4122,
      "wk52_hi": 121.3,
      "wk52_lo": 28.31
    },
    "dollar": {
      "ticker": "DX=F",
      "close": 100.0,
      "open": 99.873,
      "netChange": 0.127,
      "pctChange": 0.1272
    },
    "treasury10": {
      "ticker": "^TNX",
      "close": 4.414,
      "open": 4.416,
      "netChange": -0.002,
      "pctChange": -0.0453,
      "wk52_hi": 4.629,
      "wk52_lo": 3.886
    },
    "sp500": {
      "ticker": "^GSPC",
      "close": 6406.8999,
      "open": 6477.10986,
      "netChange": -70.20996,
      "pctChange": -1.084,
      "wk52_hi": 7002.2798,
      "wk52_lo": 4835.04
    },
    "bitcoin": {
      "ticker": "BTC-USD",
      "close": 66140.59375,
      "open": 68772.9375,
      "netChange": -2632.34375,
      "pctChange": -3.8276,
      "wk52_hi": 126198.0703,
      "wk52_lo": 60074.2031
    },
    "ripple": {
      "ticker": "XRP-USD",
      "close": 1.33448,
      "open": 1.36004,
      "netChange": -0.02556,
      "pctChange": -1.8794,
      "wk52_hi": 3.6502,
      "wk52_lo": 1.1335
    },
    "kaspa": {
      "ticker": "KAS-USD",
      "close": 0.03478,
      "open": 0.03603,
      "netChange": -0.00125,
      "pctChange": -3.4693,
      "wk52_hi": 0.1308,
      "wk52_lo": 0.0139
    }
  }
}