{
  "fetched": "2026-04-21T12:13:01Z",
  "ok": 21,
  "failed": 1,
  "quotes": {
    "corn": {
      "ticker": "ZC=F",
      "close": 459.5,
      "open": 459.25,
      "netChange": 0.25,
      "pctChange": 0.0544,
      "wk52_hi": 483.0,
      "wk52_lo": 368.75
    },
    "corn-dec": {
      "ticker": "ZCZ26.CBT",
      "close": 478.5,
      "open": 478.5,
      "netChange": 0.0,
      "pctChange": 0.0,
      "wk52_hi": 498.5,
      "wk52_lo": 440.75
    },
    "beans": {
      "ticker": "ZS=F",
      "close": 1186.5,
      "open": 1184.5,
      "netChange": 2.0,
      "pctChange": 0.1688,
      "wk52_hi": 1223.25,
      "wk52_lo": 960.75
    },
    "beans-nov": {
      "ticker": "ZSX26.CBT",
      "close": 1161.25,
      "open": 1159.0,
      "netChange": 2.25,
      "pctChange": 0.1941,
      "wk52_hi": 1174.25,
      "wk52_lo": 1023.25
    },
    "wheat": {
      "ticker": "ZW=F",
      "close": 603.5,
      "open": 607.75,
      "netChange": -4.25,
      "pctChange": -0.6993,
      "wk52_hi": 635.0,
      "wk52_lo": 492.25
    },
    "oats": {
      "ticker": "ZO=F",
      "close": 336.75,
      "open": 338.5,
      "netChange": -1.75,
      "pctChange": -0.517,
      "wk52_hi": 403.5,
      "wk52_lo": 272.0
    },
    "cattle": {
      "ticker": "LE=F",
      "close": 246.075,
      "open": 247.14999,
      "netChange": -1.07499,
      "pctChange": -0.435,
      "wk52_hi": 253.6,
      "wk52_lo": 204.55
    },
    "feeders": {
      "ticker": "GF=F",
      "close": 361.35,
      "open": 365.27499,
      "netChange": -3.92499,
      "pctChange": -1.0745,
      "wk52_hi": 381.025,
      "wk52_lo": 286.05
    },
    "hogs": {
      "ticker": "HE=F",
      "close": 101.725,
      "open": 101.05,
      "netChange": 0.675,
      "pctChange": 0.668,
      "wk52_hi": 113.7,
      "wk52_lo": 77.35
    },
    "milk": {
      "ticker": "DC=F",
      "close": 16.86,
      "open": 17.11,
      "netChange": -0.25,
      "pctChange": -1.4611,
      "wk52_hi": 18.89,
      "wk52_lo": 14.53
    },
    "meal": {
      "ticker": "ZM=F",
      "close": 320.60001,
      "open": 320.79999,
      "netChange": -0.19998,
      "pctChange": -0.0623,
      "wk52_hi": 339.6,
      "wk52_lo": 258.6
    },
    "soyoil": {
      "ticker": "ZL=F",
      "close": 70.04,
      "open": 69.56,
      "netChange": 0.48,
      "pctChange": 0.6901,
      "wk52_hi": 70.49,
      "wk52_lo": 45.74
    },
    "crude": {
      "ticker": "CL=F",
      "close": 87.56,
      "open": 86.68,
      "netChange": 0.88,
      "pctChange": 1.0152,
      "wk52_hi": 119.48,
      "wk52_lo": 54.98
    },
    "natgas": {
      "ticker": "NG=F",
      "close": 2.683,
      "open": 2.66,
      "netChange": 0.023,
      "pctChange": 0.8647,
      "wk52_hi": 7.827,
      "wk52_lo": 2.561
    },
    "gold": {
      "ticker": "GC=F",
      "close": 4814.8999,
      "open": 4816.2998,
      "netChange": -1.3999,
      "pctChange": -0.0291,
      "wk52_hi": 5586.2002,
      "wk52_lo": 3125.0
    },
    "silver": {
      "ticker": "SI=F",
      "close": 79.25,
      "open": 78.955,
      "netChange": 0.295,
      "pctChange": 0.3736,
      "wk52_hi": 121.3,
      "wk52_lo": 31.685
    },
    "dollar": {
      "ticker": "DX=F",
      "close": 100.0,
      "open": 99.873,
      "netChange": 0.127,
      "pctChange": 0.1272
    },
    "treasury10": {
      "ticker": "^TNX",
      "close": 4.25,
      "open": 4.246,
      "netChange": 0.004,
      "pctChange": 0.0942,
      "wk52_hi": 4.629,
      "wk52_lo": 3.947
    },
    "sp500": {
      "ticker": "^GSPC",
      "close": 7109.14014,
      "open": 7126.06,
      "netChange": -16.91986,
      "pctChange": -0.2374,
      "wk52_hi": 7147.52,
      "wk52_lo": 5207.6699
    },
    "bitcoin": {
      "ticker": "BTC-USD",
      "close": 76333.46875,
      "open": 75875.03906,
      "netChange": 458.42969,
      "pctChange": 0.6042,
      "wk52_hi": 126198.0703,
      "wk52_lo": 60074.2031
    },
    "ripple": {
      "ticker": "XRP-USD",
      "close": 1.437,
      "open": 1.425,
      "netChange": 0.012,
      "pctChange": 0.8421,
      "wk52_hi": 3.6502,
      "wk52_lo": 1.1335
    },
    "kaspa": {
      "ticker": "KAS-USD",
      "close": 0.03513,
      "open": 0.03484,
      "netChange": 0.00029,
      "pctChange": 0.8324,
      "wk52_hi": 0.1308,
      "wk52_lo": 0.0139
    }
  }
}