{
  "fetched": "2026-04-10T14:44:23Z",
  "ok": 21,
  "failed": 1,
  "quotes": {
    "corn": {
      "ticker": "ZC=F",
      "close": 438.75,
      "open": 444.25,
      "netChange": -5.5,
      "pctChange": -1.238,
      "wk52_hi": 490.75,
      "wk52_lo": 368.75
    },
    "corn-dec": {
      "ticker": "ZCZ26.CBT",
      "close": 469.5,
      "open": 473.75,
      "netChange": -4.25,
      "pctChange": -0.8971,
      "wk52_hi": 498.5,
      "wk52_lo": 440.75
    },
    "beans": {
      "ticker": "ZS=F",
      "close": 1170.25,
      "open": 1167.75,
      "netChange": 2.5,
      "pctChange": 0.2141,
      "wk52_hi": 1223.25,
      "wk52_lo": 960.75
    },
    "beans-nov": {
      "ticker": "ZSX26.CBT",
      "close": 1154.5,
      "open": 1154.75,
      "netChange": -0.25,
      "pctChange": -0.0216,
      "wk52_hi": 1174.25,
      "wk52_lo": 1014.5
    },
    "wheat": {
      "ticker": "ZW=F",
      "close": 568.5,
      "open": 576.25,
      "netChange": -7.75,
      "pctChange": -1.3449,
      "wk52_hi": 635.0,
      "wk52_lo": 492.25
    },
    "oats": {
      "ticker": "ZO=F",
      "close": 334.75,
      "open": 334.5,
      "netChange": 0.25,
      "pctChange": 0.0747,
      "wk52_hi": 403.5,
      "wk52_lo": 272.0
    },
    "cattle": {
      "ticker": "LE=F",
      "close": 247.825,
      "open": 247.52499,
      "netChange": 0.30001,
      "pctChange": 0.1212,
      "wk52_hi": 249.95,
      "wk52_lo": 200.45
    },
    "feeders": {
      "ticker": "GF=F",
      "close": 372.625,
      "open": 370.77499,
      "netChange": 1.85001,
      "pctChange": 0.499,
      "wk52_hi": 381.025,
      "wk52_lo": 282.325
    },
    "hogs": {
      "ticker": "HE=F",
      "close": 103.85,
      "open": 104.175,
      "netChange": -0.325,
      "pctChange": -0.312,
      "wk52_hi": 113.7,
      "wk52_lo": 77.35
    },
    "milk": {
      "ticker": "DC=F",
      "close": 17.26,
      "open": 17.05,
      "netChange": 0.21,
      "pctChange": 1.2317,
      "wk52_hi": 18.89,
      "wk52_lo": 14.53
    },
    "meal": {
      "ticker": "ZM=F",
      "close": 329.20001,
      "open": 320.39999,
      "netChange": 8.80002,
      "pctChange": 2.7466,
      "wk52_hi": 335.5,
      "wk52_lo": 258.6
    },
    "soyoil": {
      "ticker": "ZL=F",
      "close": 66.82,
      "open": 67.48,
      "netChange": -0.66,
      "pctChange": -0.9781,
      "wk52_hi": 70.49,
      "wk52_lo": 45.74
    },
    "crude": {
      "ticker": "CL=F",
      "close": 97.51,
      "open": 97.79,
      "netChange": -0.28,
      "pctChange": -0.2863,
      "wk52_hi": 119.48,
      "wk52_lo": 54.98
    },
    "natgas": {
      "ticker": "NG=F",
      "close": 2.649,
      "open": 2.668,
      "netChange": -0.019,
      "pctChange": -0.7121,
      "wk52_hi": 7.827,
      "wk52_lo": 2.622
    },
    "gold": {
      "ticker": "GC=F",
      "close": 4814.2002,
      "open": 4789.1001,
      "netChange": 25.1001,
      "pctChange": 0.5241,
      "wk52_hi": 5586.2002,
      "wk52_lo": 3125.0
    },
    "silver": {
      "ticker": "SI=F",
      "close": 76.845,
      "open": 75.95,
      "netChange": 0.895,
      "pctChange": 1.1784,
      "wk52_hi": 121.3,
      "wk52_lo": 31.115
    },
    "dollar": {
      "ticker": "DX=F",
      "close": 100.0,
      "open": 99.873,
      "netChange": 0.127,
      "pctChange": 0.1272
    },
    "treasury10": {
      "ticker": "^TNX",
      "close": 4.305,
      "open": 4.293,
      "netChange": 0.012,
      "pctChange": 0.2795,
      "wk52_hi": 4.629,
      "wk52_lo": 3.947
    },
    "sp500": {
      "ticker": "^GSPC",
      "close": 6835.00977,
      "open": 6823.93994,
      "netChange": 11.06983,
      "pctChange": 0.1622,
      "wk52_hi": 7002.2798,
      "wk52_lo": 5101.6299
    },
    "bitcoin": {
      "ticker": "BTC-USD",
      "close": 73058.53125,
      "open": 71771.63281,
      "netChange": 1286.89844,
      "pctChange": 1.793,
      "wk52_hi": 126198.0703,
      "wk52_lo": 60074.2031
    },
    "ripple": {
      "ticker": "XRP-USD",
      "close": 1.35597,
      "open": 1.34423,
      "netChange": 0.01174,
      "pctChange": 0.8734,
      "wk52_hi": 3.6502,
      "wk52_lo": 1.1335
    },
    "kaspa": {
      "ticker": "KAS-USD",
      "close": 0.03315,
      "open": 0.03214,
      "netChange": 0.00101,
      "pctChange": 3.1425,
      "wk52_hi": 0.1308,
      "wk52_lo": 0.0139
    }
  }
}