{
  "fetched": "2026-04-09T19:07:03Z",
  "ok": 21,
  "failed": 1,
  "quotes": {
    "corn": {
      "ticker": "ZC=F",
      "close": 444.5,
      "open": 448.5,
      "netChange": -4.0,
      "pctChange": -0.8919,
      "wk52_hi": 490.75,
      "wk52_lo": 368.75
    },
    "corn-dec": {
      "ticker": "ZCZ26.CBT",
      "close": 474.0,
      "open": 476.5,
      "netChange": -2.5,
      "pctChange": -0.5247,
      "wk52_hi": 498.5,
      "wk52_lo": 440.75
    },
    "beans": {
      "ticker": "ZS=F",
      "close": 1164.25,
      "open": 1162.0,
      "netChange": 2.25,
      "pctChange": 0.1936,
      "wk52_hi": 1223.25,
      "wk52_lo": 960.75
    },
    "beans-nov": {
      "ticker": "ZSX26.CBT",
      "close": 1151.5,
      "open": 1152.25,
      "netChange": -0.75,
      "pctChange": -0.0651,
      "wk52_hi": 1174.25,
      "wk52_lo": 1009.5
    },
    "wheat": {
      "ticker": "ZW=F",
      "close": 573.5,
      "open": 583.5,
      "netChange": -10.0,
      "pctChange": -1.7138,
      "wk52_hi": 635.0,
      "wk52_lo": 492.25
    },
    "oats": {
      "ticker": "ZO=F",
      "close": 332.75,
      "open": 332.25,
      "netChange": 0.5,
      "pctChange": 0.1505,
      "wk52_hi": 403.5,
      "wk52_lo": 272.0
    },
    "cattle": {
      "ticker": "LE=F",
      "close": 247.52499,
      "open": 245.75,
      "netChange": 1.77499,
      "pctChange": 0.7223,
      "wk52_hi": 249.75,
      "wk52_lo": 199.75
    },
    "feeders": {
      "ticker": "GF=F",
      "close": 370.77499,
      "open": 367.875,
      "netChange": 2.89999,
      "pctChange": 0.7883,
      "wk52_hi": 381.025,
      "wk52_lo": 282.325
    },
    "hogs": {
      "ticker": "HE=F",
      "close": 104.175,
      "open": 104.65,
      "netChange": -0.475,
      "pctChange": -0.4539,
      "wk52_hi": 113.7,
      "wk52_lo": 77.35
    },
    "milk": {
      "ticker": "DC=F",
      "close": 17.05,
      "open": 17.1,
      "netChange": -0.05,
      "pctChange": -0.2924,
      "wk52_hi": 18.89,
      "wk52_lo": 14.53
    },
    "meal": {
      "ticker": "ZM=F",
      "close": 317.39999,
      "open": 313.5,
      "netChange": 3.89999,
      "pctChange": 1.244,
      "wk52_hi": 335.5,
      "wk52_lo": 258.6
    },
    "soyoil": {
      "ticker": "ZL=F",
      "close": 67.63,
      "open": 67.58,
      "netChange": 0.05,
      "pctChange": 0.074,
      "wk52_hi": 70.49,
      "wk52_lo": 45.61
    },
    "crude": {
      "ticker": "CL=F",
      "close": 98.33,
      "open": 97.19,
      "netChange": 1.14,
      "pctChange": 1.173,
      "wk52_hi": 119.48,
      "wk52_lo": 54.98
    },
    "natgas": {
      "ticker": "NG=F",
      "close": 2.681,
      "open": 2.723,
      "netChange": -0.042,
      "pctChange": -1.5424,
      "wk52_hi": 7.827,
      "wk52_lo": 2.622
    },
    "gold": {
      "ticker": "GC=F",
      "close": 4794.5,
      "open": 4735.0,
      "netChange": 59.5,
      "pctChange": 1.2566,
      "wk52_hi": 5586.2002,
      "wk52_lo": 3072.1001
    },
    "silver": {
      "ticker": "SI=F",
      "close": 75.95,
      "open": 74.07,
      "netChange": 1.88,
      "pctChange": 2.5381,
      "wk52_hi": 121.3,
      "wk52_lo": 30.671
    },
    "dollar": {
      "ticker": "DX=F",
      "close": 100.0,
      "open": 99.873,
      "netChange": 0.127,
      "pctChange": 0.1272
    },
    "treasury10": {
      "ticker": "^TNX",
      "close": 4.291,
      "open": 4.291,
      "netChange": 0.0,
      "pctChange": 0.0,
      "wk52_hi": 4.629,
      "wk52_lo": 3.947
    },
    "sp500": {
      "ticker": "^GSPC",
      "close": 6818.72998,
      "open": 6783.47998,
      "netChange": 35.25,
      "pctChange": 0.5196,
      "wk52_hi": 7002.2798,
      "wk52_lo": 5101.6299
    },
    "bitcoin": {
      "ticker": "BTC-USD",
      "close": 71947.09375,
      "open": 71115.125,
      "netChange": 831.96875,
      "pctChange": 1.1699,
      "wk52_hi": 126198.0703,
      "wk52_lo": 60074.2031
    },
    "ripple": {
      "ticker": "XRP-USD",
      "close": 1.3558,
      "open": 1.34187,
      "netChange": 0.01393,
      "pctChange": 1.0381,
      "wk52_hi": 3.6502,
      "wk52_lo": 1.1335
    },
    "kaspa": {
      "ticker": "KAS-USD",
      "close": 0.03224,
      "open": 0.03196,
      "netChange": 0.00028,
      "pctChange": 0.8761,
      "wk52_hi": 0.1308,
      "wk52_lo": 0.0139
    }
  }
}