{
  "fetched": "2026-04-01T15:49:41Z",
  "ok": 21,
  "failed": 1,
  "quotes": {
    "corn": {
      "ticker": "ZC=F",
      "close": 449.0,
      "open": 458.5,
      "netChange": -9.5,
      "pctChange": -2.072,
      "wk52_hi": 490.75,
      "wk52_lo": 368.75
    },
    "corn-dec": {
      "ticker": "ZCZ26.CBT",
      "close": 476.5,
      "open": 485.25,
      "netChange": -8.75,
      "pctChange": -1.8032,
      "wk52_hi": 498.5,
      "wk52_lo": 440.75
    },
    "beans": {
      "ticker": "ZS=F",
      "close": 1157.5,
      "open": 1173.25,
      "netChange": -15.75,
      "pctChange": -1.3424,
      "wk52_hi": 1223.25,
      "wk52_lo": 960.75
    },
    "beans-nov": {
      "ticker": "ZSX26.CBT",
      "close": 1149.75,
      "open": 1158.5,
      "netChange": -8.75,
      "pctChange": -0.7553,
      "wk52_hi": 1174.25,
      "wk52_lo": 992.0
    },
    "wheat": {
      "ticker": "ZW=F",
      "close": 596.25,
      "open": 619.5,
      "netChange": -23.25,
      "pctChange": -3.753,
      "wk52_hi": 635.0,
      "wk52_lo": 492.25
    },
    "oats": {
      "ticker": "ZO=F",
      "close": 341.75,
      "open": 350.25,
      "netChange": -8.5,
      "pctChange": -2.4268,
      "wk52_hi": 403.5,
      "wk52_lo": 272.0
    },
    "cattle": {
      "ticker": "LE=F",
      "close": 244.47501,
      "open": 243.3,
      "netChange": 1.17501,
      "pctChange": 0.4829,
      "wk52_hi": 247.75,
      "wk52_lo": 197.75
    },
    "feeders": {
      "ticker": "GF=F",
      "close": 369.35001,
      "open": 366.42499,
      "netChange": 2.92502,
      "pctChange": 0.7983,
      "wk52_hi": 381.025,
      "wk52_lo": 273.1
    },
    "hogs": {
      "ticker": "HE=F",
      "close": 104.725,
      "open": 86.125,
      "netChange": 18.6,
      "pctChange": 21.5965,
      "wk52_hi": 113.7,
      "wk52_lo": 77.35
    },
    "milk": {
      "ticker": "DC=F",
      "close": 17.76,
      "open": 17.45,
      "netChange": 0.31,
      "pctChange": 1.7765,
      "wk52_hi": 18.89,
      "wk52_lo": 14.53
    },
    "meal": {
      "ticker": "ZM=F",
      "close": 313.29999,
      "open": 317.39999,
      "netChange": -4.1,
      "pctChange": -1.2917,
      "wk52_hi": 335.5,
      "wk52_lo": 258.6
    },
    "soyoil": {
      "ticker": "ZL=F",
      "close": 67.17,
      "open": 68.68,
      "netChange": -1.51,
      "pctChange": -2.1986,
      "wk52_hi": 69.68,
      "wk52_lo": 43.83
    },
    "crude": {
      "ticker": "CL=F",
      "close": 99.59,
      "open": 102.91,
      "netChange": -3.32,
      "pctChange": -3.2261,
      "wk52_hi": 119.48,
      "wk52_lo": 54.98
    },
    "natgas": {
      "ticker": "NG=F",
      "close": 2.835,
      "open": 2.885,
      "netChange": -0.05,
      "pctChange": -1.7331,
      "wk52_hi": 7.827,
      "wk52_lo": 2.622
    },
    "gold": {
      "ticker": "GC=F",
      "close": 4809.2998,
      "open": 4707.0,
      "netChange": 102.2998,
      "pctChange": 2.1734,
      "wk52_hi": 5586.2002,
      "wk52_lo": 2949.7
    },
    "silver": {
      "ticker": "SI=F",
      "close": 75.785,
      "open": 74.24,
      "netChange": 1.545,
      "pctChange": 2.0811,
      "wk52_hi": 121.3,
      "wk52_lo": 28.31
    },
    "dollar": {
      "ticker": "DX=F",
      "close": 100.0,
      "open": 99.873,
      "netChange": 0.127,
      "pctChange": 0.1272
    },
    "treasury10": {
      "ticker": "^TNX",
      "close": 4.305,
      "open": 4.311,
      "netChange": -0.006,
      "pctChange": -0.1392,
      "wk52_hi": 4.629,
      "wk52_lo": 3.886
    },
    "sp500": {
      "ticker": "^GSPC",
      "close": 6597.4502,
      "open": 6528.6499,
      "netChange": 68.8003,
      "pctChange": 1.0538,
      "wk52_hi": 7002.2798,
      "wk52_lo": 4835.04
    },
    "bitcoin": {
      "ticker": "BTC-USD",
      "close": 68782.53125,
      "open": 68211.07812,
      "netChange": 571.45313,
      "pctChange": 0.8378,
      "wk52_hi": 126198.0703,
      "wk52_lo": 60074.2031
    },
    "ripple": {
      "ticker": "XRP-USD",
      "close": 1.35472,
      "open": 1.34016,
      "netChange": 0.01456,
      "pctChange": 1.0864,
      "wk52_hi": 3.6502,
      "wk52_lo": 1.1335
    },
    "kaspa": {
      "ticker": "KAS-USD",
      "close": 0.03249,
      "open": 0.03264,
      "netChange": -0.00015,
      "pctChange": -0.4596,
      "wk52_hi": 0.1308,
      "wk52_lo": 0.0139
    }
  }
}