{
  "fetched": "2026-04-15T07:56:05Z",
  "ok": 21,
  "failed": 1,
  "quotes": {
    "corn": {
      "ticker": "ZC=F",
      "close": 446.25,
      "open": 445.5,
      "netChange": 0.75,
      "pctChange": 0.1684,
      "wk52_hi": 487.25,
      "wk52_lo": 368.75
    },
    "corn-dec": {
      "ticker": "ZCZ26.CBT",
      "close": 473.25,
      "open": 472.75,
      "netChange": 0.5,
      "pctChange": 0.1058,
      "wk52_hi": 498.5,
      "wk52_lo": 440.75
    },
    "beans": {
      "ticker": "ZS=F",
      "close": 1162.75,
      "open": 1161.25,
      "netChange": 1.5,
      "pctChange": 0.1292,
      "wk52_hi": 1223.25,
      "wk52_lo": 960.75
    },
    "beans-nov": {
      "ticker": "ZSX26.CBT",
      "close": 1147.25,
      "open": 1147.0,
      "netChange": 0.25,
      "pctChange": 0.0218,
      "wk52_hi": 1174.25,
      "wk52_lo": 1023.25
    },
    "wheat": {
      "ticker": "ZW=F",
      "close": 592.75,
      "open": 602.25,
      "netChange": -9.5,
      "pctChange": -1.5774,
      "wk52_hi": 635.0,
      "wk52_lo": 492.25
    },
    "oats": {
      "ticker": "ZO=F",
      "close": 345.0,
      "open": 342.75,
      "netChange": 2.25,
      "pctChange": 0.6565,
      "wk52_hi": 403.5,
      "wk52_lo": 272.0
    },
    "cattle": {
      "ticker": "LE=F",
      "close": 251.35,
      "open": 248.7,
      "netChange": 2.65,
      "pctChange": 1.0655,
      "wk52_hi": 253.6,
      "wk52_lo": 204.55
    },
    "feeders": {
      "ticker": "GF=F",
      "close": 375.425,
      "open": 373.82501,
      "netChange": 1.59999,
      "pctChange": 0.428,
      "wk52_hi": 381.025,
      "wk52_lo": 285.1
    },
    "hogs": {
      "ticker": "HE=F",
      "close": 102.475,
      "open": 102.975,
      "netChange": -0.5,
      "pctChange": -0.4856,
      "wk52_hi": 113.7,
      "wk52_lo": 77.35
    },
    "milk": {
      "ticker": "DC=F",
      "close": 17.17,
      "open": 18.12,
      "netChange": -0.95,
      "pctChange": -5.2428,
      "wk52_hi": 18.89,
      "wk52_lo": 14.53
    },
    "meal": {
      "ticker": "ZM=F",
      "close": 330.60001,
      "open": 327.39999,
      "netChange": 3.20002,
      "pctChange": 0.9774,
      "wk52_hi": 339.6,
      "wk52_lo": 258.6
    },
    "soyoil": {
      "ticker": "ZL=F",
      "close": 66.4,
      "open": 66.35,
      "netChange": 0.05,
      "pctChange": 0.0754,
      "wk52_hi": 70.49,
      "wk52_lo": 45.74
    },
    "crude": {
      "ticker": "CL=F",
      "close": 90.79,
      "open": 91.24,
      "netChange": -0.45,
      "pctChange": -0.4932,
      "wk52_hi": 119.48,
      "wk52_lo": 54.98
    },
    "natgas": {
      "ticker": "NG=F",
      "close": 2.595,
      "open": 2.595,
      "netChange": 0.0,
      "pctChange": 0.0,
      "wk52_hi": 7.827,
      "wk52_lo": 2.561
    },
    "gold": {
      "ticker": "GC=F",
      "close": 4830.5,
      "open": 4847.2998,
      "netChange": -16.7998,
      "pctChange": -0.3466,
      "wk52_hi": 5586.2002,
      "wk52_lo": 3125.0
    },
    "silver": {
      "ticker": "SI=F",
      "close": 79.33,
      "open": 80.025,
      "netChange": -0.695,
      "pctChange": -0.8685,
      "wk52_hi": 121.3,
      "wk52_lo": 31.685
    },
    "dollar": {
      "ticker": "DX=F",
      "close": 100.0,
      "open": 99.873,
      "netChange": 0.127,
      "pctChange": 0.1272
    },
    "treasury10": {
      "ticker": "^TNX",
      "close": 4.256,
      "open": 4.297,
      "netChange": -0.041,
      "pctChange": -0.9542,
      "wk52_hi": 4.629,
      "wk52_lo": 3.947
    },
    "sp500": {
      "ticker": "^GSPC",
      "close": 6967.37988,
      "open": 6886.24,
      "netChange": 81.13988,
      "pctChange": 1.1783,
      "wk52_hi": 7002.2798,
      "wk52_lo": 5101.6299
    },
    "bitcoin": {
      "ticker": "BTC-USD",
      "close": 73760.59375,
      "open": 74213.28125,
      "netChange": -452.6875,
      "pctChange": -0.61,
      "wk52_hi": 126198.0703,
      "wk52_lo": 60074.2031
    },
    "ripple": {
      "ticker": "XRP-USD",
      "close": 1.3523,
      "open": 1.3623,
      "netChange": -0.01,
      "pctChange": -0.7341,
      "wk52_hi": 3.6502,
      "wk52_lo": 1.1335
    },
    "kaspa": {
      "ticker": "KAS-USD",
      "close": 0.03222,
      "open": 0.03236,
      "netChange": -0.00014,
      "pctChange": -0.4326,
      "wk52_hi": 0.1308,
      "wk52_lo": 0.0139
    }
  }
}