{
  "fetched": "2026-04-17T02:10:23Z",
  "ok": 21,
  "failed": 1,
  "quotes": {
    "corn": {
      "ticker": "ZC=F",
      "close": 458.75,
      "open": 451.5,
      "netChange": 7.25,
      "pctChange": 1.6058,
      "wk52_hi": 487.25,
      "wk52_lo": 368.75
    },
    "corn-dec": {
      "ticker": "ZCZ26.CBT",
      "close": 477.25,
      "open": 479.0,
      "netChange": -1.75,
      "pctChange": -0.3653,
      "wk52_hi": 498.5,
      "wk52_lo": 440.75
    },
    "beans": {
      "ticker": "ZS=F",
      "close": 1163.75,
      "open": 1166.75,
      "netChange": -3.0,
      "pctChange": -0.2571,
      "wk52_hi": 1223.25,
      "wk52_lo": 960.75
    },
    "beans-nov": {
      "ticker": "ZSX26.CBT",
      "close": 1156.0,
      "open": 1155.0,
      "netChange": 1.0,
      "pctChange": 0.0866,
      "wk52_hi": 1174.25,
      "wk52_lo": 1023.25
    },
    "wheat": {
      "ticker": "ZW=F",
      "close": 608.0,
      "open": 602.25,
      "netChange": 5.75,
      "pctChange": 0.9548,
      "wk52_hi": 635.0,
      "wk52_lo": 492.25
    },
    "oats": {
      "ticker": "ZO=F",
      "close": 343.25,
      "open": 347.25,
      "netChange": -4.0,
      "pctChange": -1.1519,
      "wk52_hi": 403.5,
      "wk52_lo": 272.0
    },
    "cattle": {
      "ticker": "LE=F",
      "close": 247.60001,
      "open": 251.22501,
      "netChange": -3.625,
      "pctChange": -1.4429,
      "wk52_hi": 253.6,
      "wk52_lo": 204.55
    },
    "feeders": {
      "ticker": "GF=F",
      "close": 366.92499,
      "open": 372.07501,
      "netChange": -5.15002,
      "pctChange": -1.3841,
      "wk52_hi": 381.025,
      "wk52_lo": 285.1
    },
    "hogs": {
      "ticker": "HE=F",
      "close": 101.7,
      "open": 101.825,
      "netChange": -0.125,
      "pctChange": -0.1228,
      "wk52_hi": 113.7,
      "wk52_lo": 77.35
    },
    "milk": {
      "ticker": "DC=F",
      "close": 17.07,
      "open": 18.28,
      "netChange": -1.21,
      "pctChange": -6.6193,
      "wk52_hi": 18.89,
      "wk52_lo": 14.53
    },
    "meal": {
      "ticker": "ZM=F",
      "close": 332.70001,
      "open": 329.79999,
      "netChange": 2.90002,
      "pctChange": 0.8793,
      "wk52_hi": 339.6,
      "wk52_lo": 258.6
    },
    "soyoil": {
      "ticker": "ZL=F",
      "close": 68.98,
      "open": 67.63,
      "netChange": 1.35,
      "pctChange": 1.9962,
      "wk52_hi": 70.49,
      "wk52_lo": 45.74
    },
    "crude": {
      "ticker": "CL=F",
      "close": 94.69,
      "open": 91.73,
      "netChange": 2.96,
      "pctChange": 3.2269,
      "wk52_hi": 119.48,
      "wk52_lo": 54.98
    },
    "natgas": {
      "ticker": "NG=F",
      "close": 2.647,
      "open": 2.593,
      "netChange": 0.054,
      "pctChange": 2.0825,
      "wk52_hi": 7.827,
      "wk52_lo": 2.561
    },
    "gold": {
      "ticker": "GC=F",
      "close": 4785.3999,
      "open": 4847.7002,
      "netChange": -62.3003,
      "pctChange": -1.2852,
      "wk52_hi": 5586.2002,
      "wk52_lo": 3125.0
    },
    "silver": {
      "ticker": "SI=F",
      "close": 78.606,
      "open": 80.61,
      "netChange": -2.004,
      "pctChange": -2.486,
      "wk52_hi": 121.3,
      "wk52_lo": 31.685
    },
    "dollar": {
      "ticker": "DX=F",
      "close": 100.0,
      "open": 99.873,
      "netChange": 0.127,
      "pctChange": 0.1272
    },
    "treasury10": {
      "ticker": "^TNX",
      "close": 4.309,
      "open": 4.282,
      "netChange": 0.027,
      "pctChange": 0.6305,
      "wk52_hi": 4.629,
      "wk52_lo": 3.947
    },
    "sp500": {
      "ticker": "^GSPC",
      "close": 7041.27979,
      "open": 7022.95,
      "netChange": 18.32979,
      "pctChange": 0.261,
      "wk52_hi": 7026.2402,
      "wk52_lo": 5101.6299
    },
    "bitcoin": {
      "ticker": "BTC-USD",
      "close": 74691.65625,
      "open": 74905.74219,
      "netChange": -214.08594,
      "pctChange": -0.2858,
      "wk52_hi": 126198.0703,
      "wk52_lo": 60074.2031
    },
    "ripple": {
      "ticker": "XRP-USD",
      "close": 1.4285,
      "open": 1.4485,
      "netChange": -0.02,
      "pctChange": -1.3807,
      "wk52_hi": 3.6502,
      "wk52_lo": 1.1335
    },
    "kaspa": {
      "ticker": "KAS-USD",
      "close": 0.034,
      "open": 0.03387,
      "netChange": 0.00013,
      "pctChange": 0.3838,
      "wk52_hi": 0.1308,
      "wk52_lo": 0.0139
    }
  }
}