{
  "fetched": "2026-04-06T16:42:04Z",
  "ok": 21,
  "failed": 1,
  "quotes": {
    "corn": {
      "ticker": "ZC=F",
      "close": 453.25,
      "open": 448.75,
      "netChange": 4.5,
      "pctChange": 1.0028,
      "wk52_hi": 490.75,
      "wk52_lo": 368.75
    },
    "corn-dec": {
      "ticker": "ZCZ26.CBT",
      "close": 481.75,
      "open": 478.25,
      "netChange": 3.5,
      "pctChange": 0.7318,
      "wk52_hi": 498.5,
      "wk52_lo": 440.75
    },
    "beans": {
      "ticker": "ZS=F",
      "close": 1166.75,
      "open": 1159.75,
      "netChange": 7.0,
      "pctChange": 0.6036,
      "wk52_hi": 1223.25,
      "wk52_lo": 960.75
    },
    "beans-nov": {
      "ticker": "ZSX26.CBT",
      "close": 1157.0,
      "open": 1150.75,
      "netChange": 6.25,
      "pctChange": 0.5431,
      "wk52_hi": 1174.25,
      "wk52_lo": 992.0
    },
    "wheat": {
      "ticker": "ZW=F",
      "close": 593.5,
      "open": 590.25,
      "netChange": 3.25,
      "pctChange": 0.5506,
      "wk52_hi": 635.0,
      "wk52_lo": 492.25
    },
    "oats": {
      "ticker": "ZO=F",
      "close": 350.0,
      "open": 347.25,
      "netChange": 2.75,
      "pctChange": 0.7919,
      "wk52_hi": 403.5,
      "wk52_lo": 272.0
    },
    "cattle": {
      "ticker": "LE=F",
      "close": 247.02499,
      "open": 246.2,
      "netChange": 0.82499,
      "pctChange": 0.3351,
      "wk52_hi": 247.75,
      "wk52_lo": 197.75
    },
    "feeders": {
      "ticker": "GF=F",
      "close": 370.52499,
      "open": 370.67499,
      "netChange": -0.15,
      "pctChange": -0.0405,
      "wk52_hi": 381.025,
      "wk52_lo": 273.1
    },
    "hogs": {
      "ticker": "HE=F",
      "close": 106.925,
      "open": 104.45,
      "netChange": 2.475,
      "pctChange": 2.3696,
      "wk52_hi": 113.7,
      "wk52_lo": 77.35
    },
    "milk": {
      "ticker": "DC=F",
      "close": 18.09,
      "open": 18.4,
      "netChange": -0.31,
      "pctChange": -1.6848,
      "wk52_hi": 18.89,
      "wk52_lo": 14.53
    },
    "meal": {
      "ticker": "ZM=F",
      "close": 316.39999,
      "open": 316.39999,
      "netChange": 0.0,
      "pctChange": 0.0,
      "wk52_hi": 335.5,
      "wk52_lo": 258.6
    },
    "soyoil": {
      "ticker": "ZL=F",
      "close": 69.67,
      "open": 68.76,
      "netChange": 0.91,
      "pctChange": 1.3234,
      "wk52_hi": 69.68,
      "wk52_lo": 43.83
    },
    "crude": {
      "ticker": "CL=F",
      "close": 111.66,
      "open": 111.29,
      "netChange": 0.37,
      "pctChange": 0.3325,
      "wk52_hi": 119.48,
      "wk52_lo": 54.98
    },
    "natgas": {
      "ticker": "NG=F",
      "close": 2.813,
      "open": 2.821,
      "netChange": -0.008,
      "pctChange": -0.2836,
      "wk52_hi": 7.827,
      "wk52_lo": 2.622
    },
    "gold": {
      "ticker": "GC=F",
      "close": 4691.7998,
      "open": 4666.2998,
      "netChange": 25.5,
      "pctChange": 0.5465,
      "wk52_hi": 5586.2002,
      "wk52_lo": 2949.7
    },
    "silver": {
      "ticker": "SI=F",
      "close": 72.71,
      "open": 72.1,
      "netChange": 0.61,
      "pctChange": 0.846,
      "wk52_hi": 121.3,
      "wk52_lo": 28.31
    },
    "dollar": {
      "ticker": "DX=F",
      "close": 100.0,
      "open": 99.873,
      "netChange": 0.127,
      "pctChange": 0.1272
    },
    "treasury10": {
      "ticker": "^TNX",
      "close": 4.325,
      "open": 4.313,
      "netChange": 0.012,
      "pctChange": 0.2782,
      "wk52_hi": 4.629,
      "wk52_lo": 3.947
    },
    "sp500": {
      "ticker": "^GSPC",
      "close": 6606.02979,
      "open": 6581.56006,
      "netChange": 24.46973,
      "pctChange": 0.3718,
      "wk52_hi": 7002.2798,
      "wk52_lo": 4835.04
    },
    "bitcoin": {
      "ticker": "BTC-USD",
      "close": 70048.38281,
      "open": 68982.17969,
      "netChange": 1066.20312,
      "pctChange": 1.5456,
      "wk52_hi": 126198.0703,
      "wk52_lo": 60074.2031
    },
    "ripple": {
      "ticker": "XRP-USD",
      "close": 1.34994,
      "open": 1.32545,
      "netChange": 0.02449,
      "pctChange": 1.8477,
      "wk52_hi": 3.6502,
      "wk52_lo": 1.1335
    },
    "kaspa": {
      "ticker": "KAS-USD",
      "close": 0.03122,
      "open": 0.03146,
      "netChange": -0.00024,
      "pctChange": -0.7629,
      "wk52_hi": 0.1308,
      "wk52_lo": 0.0139
    }
  }
}