{
  "fetched": "2026-04-07T21:10:02Z",
  "ok": 21,
  "failed": 1,
  "quotes": {
    "corn": {
      "ticker": "ZC=F",
      "close": 448.75,
      "open": 453.5,
      "netChange": -4.75,
      "pctChange": -1.0474,
      "wk52_hi": 490.75,
      "wk52_lo": 368.75
    },
    "corn-dec": {
      "ticker": "ZCZ26.CBT",
      "close": 477.5,
      "open": 482.5,
      "netChange": -5.0,
      "pctChange": -1.0363,
      "wk52_hi": 498.5,
      "wk52_lo": 440.75
    },
    "beans": {
      "ticker": "ZS=F",
      "close": 1158.0,
      "open": 1167.25,
      "netChange": -9.25,
      "pctChange": -0.7925,
      "wk52_hi": 1223.25,
      "wk52_lo": 960.75
    },
    "beans-nov": {
      "ticker": "ZSX26.CBT",
      "close": 1150.0,
      "open": 1157.75,
      "netChange": -7.75,
      "pctChange": -0.6694,
      "wk52_hi": 1174.25,
      "wk52_lo": 992.0
    },
    "wheat": {
      "ticker": "ZW=F",
      "close": 597.75,
      "open": 594.0,
      "netChange": 3.75,
      "pctChange": 0.6313,
      "wk52_hi": 635.0,
      "wk52_lo": 492.25
    },
    "oats": {
      "ticker": "ZO=F",
      "close": 340.5,
      "open": 352.75,
      "netChange": -12.25,
      "pctChange": -3.4727,
      "wk52_hi": 403.5,
      "wk52_lo": 272.0
    },
    "cattle": {
      "ticker": "LE=F",
      "close": 245.55,
      "open": 247.02499,
      "netChange": -1.47499,
      "pctChange": -0.5971,
      "wk52_hi": 248.75,
      "wk52_lo": 197.75
    },
    "feeders": {
      "ticker": "GF=F",
      "close": 366.42499,
      "open": 370.35001,
      "netChange": -3.92502,
      "pctChange": -1.0598,
      "wk52_hi": 381.025,
      "wk52_lo": 280.0
    },
    "hogs": {
      "ticker": "HE=F",
      "close": 107.075,
      "open": 107.7,
      "netChange": -0.625,
      "pctChange": -0.5803,
      "wk52_hi": 113.7,
      "wk52_lo": 77.35
    },
    "milk": {
      "ticker": "DC=F",
      "close": 17.3,
      "open": 17.79,
      "netChange": -0.49,
      "pctChange": -2.7544,
      "wk52_hi": 18.89,
      "wk52_lo": 14.53
    },
    "meal": {
      "ticker": "ZM=F",
      "close": 311.89999,
      "open": 315.10001,
      "netChange": -3.20002,
      "pctChange": -1.0156,
      "wk52_hi": 335.5,
      "wk52_lo": 258.6
    },
    "soyoil": {
      "ticker": "ZL=F",
      "close": 69.61,
      "open": 70.38,
      "netChange": -0.77,
      "pctChange": -1.0941,
      "wk52_hi": 70.0,
      "wk52_lo": 43.83
    },
    "crude": {
      "ticker": "CL=F",
      "close": 110.29,
      "open": 115.6,
      "netChange": -5.31,
      "pctChange": -4.5934,
      "wk52_hi": 119.48,
      "wk52_lo": 54.98
    },
    "natgas": {
      "ticker": "NG=F",
      "close": 2.841,
      "open": 2.794,
      "netChange": 0.047,
      "pctChange": 1.6822,
      "wk52_hi": 7.827,
      "wk52_lo": 2.622
    },
    "gold": {
      "ticker": "GC=F",
      "close": 4733.2998,
      "open": 4674.8999,
      "netChange": 58.3999,
      "pctChange": 1.2492,
      "wk52_hi": 5586.2002,
      "wk52_lo": 2965.8
    },
    "silver": {
      "ticker": "SI=F",
      "close": 73.11,
      "open": 72.805,
      "netChange": 0.305,
      "pctChange": 0.4189,
      "wk52_hi": 121.3,
      "wk52_lo": 29.255
    },
    "dollar": {
      "ticker": "DX=F",
      "close": 100.0,
      "open": 99.873,
      "netChange": 0.127,
      "pctChange": 0.1272
    },
    "treasury10": {
      "ticker": "^TNX",
      "close": 4.343,
      "open": 4.335,
      "netChange": 0.008,
      "pctChange": 0.1845,
      "wk52_hi": 4.629,
      "wk52_lo": 3.947
    },
    "sp500": {
      "ticker": "^GSPC",
      "close": 6616.8501,
      "open": 6611.83,
      "netChange": 5.0201,
      "pctChange": 0.0759,
      "wk52_hi": 7002.2798,
      "wk52_lo": 4910.4199
    },
    "bitcoin": {
      "ticker": "BTC-USD",
      "close": 69869.16406,
      "open": 68896.75,
      "netChange": 972.41406,
      "pctChange": 1.4114,
      "wk52_hi": 126198.0703,
      "wk52_lo": 60074.2031
    },
    "ripple": {
      "ticker": "XRP-USD",
      "close": 1.3243,
      "open": 1.32132,
      "netChange": 0.00298,
      "pctChange": 0.2255,
      "wk52_hi": 3.6502,
      "wk52_lo": 1.1335
    },
    "kaspa": {
      "ticker": "KAS-USD",
      "close": 0.03171,
      "open": 0.03122,
      "netChange": 0.00049,
      "pctChange": 1.5695,
      "wk52_hi": 0.1308,
      "wk52_lo": 0.0139
    }
  }
}