{
  "fetched": "2026-03-24T16:50:45Z",
  "ok": 21,
  "failed": 1,
  "quotes": {
    "corn": {
      "ticker": "ZC=F",
      "close": 463.75,
      "open": 462.0,
      "netChange": 1.75,
      "pctChange": 0.3788,
      "wk52_hi": 490.75,
      "wk52_lo": 368.75
    },
    "corn-dec": {
      "ticker": "ZCZ26.CBT",
      "close": 489.75,
      "open": 488.25,
      "netChange": 1.5,
      "pctChange": 0.3072,
      "wk52_hi": 498.5,
      "wk52_lo": 440.75
    },
    "beans": {
      "ticker": "ZS=F",
      "close": 1159.25,
      "open": 1164.0,
      "netChange": -4.75,
      "pctChange": -0.4081,
      "wk52_hi": 1223.25,
      "wk52_lo": 960.75
    },
    "beans-nov": {
      "ticker": "ZSX26.CBT",
      "close": 1147.25,
      "open": 1148.5,
      "netChange": -1.25,
      "pctChange": -0.1088,
      "wk52_hi": 1174.25,
      "wk52_lo": 992.0
    },
    "wheat": {
      "ticker": "ZW=F",
      "close": 588.75,
      "open": 592.75,
      "netChange": -4.0,
      "pctChange": -0.6748,
      "wk52_hi": 635.0,
      "wk52_lo": 492.25
    },
    "oats": {
      "ticker": "ZO=F",
      "close": 333.75,
      "open": 342.5,
      "netChange": -8.75,
      "pctChange": -2.5547,
      "wk52_hi": 403.5,
      "wk52_lo": 272.0
    },
    "cattle": {
      "ticker": "LE=F",
      "close": 235.39999,
      "open": 234.7,
      "netChange": 0.69999,
      "pctChange": 0.2982,
      "wk52_hi": 247.75,
      "wk52_lo": 197.75
    },
    "feeders": {
      "ticker": "GF=F",
      "close": 352.5,
      "open": 352.14999,
      "netChange": 0.35001,
      "pctChange": 0.0994,
      "wk52_hi": 381.025,
      "wk52_lo": 273.1
    },
    "hogs": {
      "ticker": "HE=F",
      "close": 103.85,
      "open": 104.375,
      "netChange": -0.525,
      "pctChange": -0.503,
      "wk52_hi": 113.7,
      "wk52_lo": 77.35
    },
    "milk": {
      "ticker": "DC=F",
      "close": 17.61,
      "open": 17.41,
      "netChange": 0.2,
      "pctChange": 1.1488,
      "wk52_hi": 18.89,
      "wk52_lo": 14.53
    },
    "meal": {
      "ticker": "ZM=F",
      "close": 322.10001,
      "open": 325.29999,
      "netChange": -3.19998,
      "pctChange": -0.9837,
      "wk52_hi": 335.5,
      "wk52_lo": 258.6
    },
    "soyoil": {
      "ticker": "ZL=F",
      "close": 65.91,
      "open": 66.15,
      "netChange": -0.24,
      "pctChange": -0.3628,
      "wk52_hi": 69.24,
      "wk52_lo": 41.79
    },
    "crude": {
      "ticker": "CL=F",
      "close": 92.44,
      "open": 91.66,
      "netChange": 0.78,
      "pctChange": 0.851,
      "wk52_hi": 119.48,
      "wk52_lo": 54.98
    },
    "natgas": {
      "ticker": "NG=F",
      "close": 2.905,
      "open": 2.921,
      "netChange": -0.016,
      "pctChange": -0.5478,
      "wk52_hi": 7.827,
      "wk52_lo": 2.622
    },
    "gold": {
      "ticker": "GC=F",
      "close": 4411.2002,
      "open": 4346.7998,
      "netChange": 64.4004,
      "pctChange": 1.4816,
      "wk52_hi": 5586.2002,
      "wk52_lo": 2949.7
    },
    "silver": {
      "ticker": "SI=F",
      "close": 69.77,
      "open": 67.02,
      "netChange": 2.75,
      "pctChange": 4.1033,
      "wk52_hi": 121.3,
      "wk52_lo": 28.31
    },
    "dollar": {
      "ticker": "DX=F",
      "close": 100.0,
      "open": 99.873,
      "netChange": 0.127,
      "pctChange": 0.1272
    },
    "treasury10": {
      "ticker": "^TNX",
      "close": 4.376,
      "open": 4.334,
      "netChange": 0.042,
      "pctChange": 0.9691,
      "wk52_hi": 4.629,
      "wk52_lo": 3.886
    },
    "sp500": {
      "ticker": "^GSPC",
      "close": 6579.27002,
      "open": 6581.0,
      "netChange": -1.72998,
      "pctChange": -0.0263,
      "wk52_hi": 7002.2798,
      "wk52_lo": 4835.04
    },
    "bitcoin": {
      "ticker": "BTC-USD",
      "close": 69531.875,
      "open": 70919.92188,
      "netChange": -1388.04688,
      "pctChange": -1.9572,
      "wk52_hi": 126198.0703,
      "wk52_lo": 60074.2031
    },
    "ripple": {
      "ticker": "XRP-USD",
      "close": 1.39195,
      "open": 1.43124,
      "netChange": -0.03929,
      "pctChange": -2.7452,
      "wk52_hi": 3.6502,
      "wk52_lo": 1.1335
    },
    "kaspa": {
      "ticker": "KAS-USD",
      "close": 0.03575,
      "open": 0.03501,
      "netChange": 0.00074,
      "pctChange": 2.1137,
      "wk52_hi": 0.1308,
      "wk52_lo": 0.0139
    }
  }
}