{
  "fetched": "2026-03-02T15:32:22Z",
  "ok": 19,
  "failed": 0,
  "quotes": {
    "corn": {
      "ticker": "ZC=F",
      "close": 445.25,
      "open": 448.0,
      "netChange": -2.75,
      "pctChange": -0.6138,
      "wk52_hi": 490.75,
      "wk52_lo": 368.75
    },
    "corn-dec": {
      "ticker": "ZCZ26.CBT",
      "close": 468.5,
      "open": 470.25,
      "netChange": -1.75,
      "pctChange": -0.3721,
      "wk52_hi": 477.0,
      "wk52_lo": 440.75
    },
    "beans": {
      "ticker": "ZS=F",
      "close": 1164.25,
      "open": 1170.25,
      "netChange": -6.0,
      "pctChange": -0.5127,
      "wk52_hi": 1169.5,
      "wk52_lo": 960.75
    },
    "beans-nov": {
      "ticker": "ZSX26.CBT",
      "close": 1128.5,
      "open": 1128.5,
      "netChange": 0.0,
      "pctChange": 0.0,
      "wk52_hi": 1132.5,
      "wk52_lo": 992.0
    },
    "wheat": {
      "ticker": "ZW=F",
      "close": 580.5,
      "open": 590.75,
      "netChange": -10.25,
      "pctChange": -1.7351,
      "wk52_hi": 595.75,
      "wk52_lo": 492.25
    },
    "oats": {
      "ticker": "ZO=F",
      "close": 318.75,
      "open": 320.0,
      "netChange": -1.25,
      "pctChange": -0.3906,
      "wk52_hi": 403.5,
      "wk52_lo": 272.0
    },
    "cattle": {
      "ticker": "LE=F",
      "close": 228.0,
      "open": 232.22501,
      "netChange": -4.22501,
      "pctChange": -1.8194,
      "wk52_hi": 247.75,
      "wk52_lo": 189.5
    },
    "feeders": {
      "ticker": "GF=F",
      "close": 332.42499,
      "open": 350.97501,
      "netChange": -18.55002,
      "pctChange": -5.2853,
      "wk52_hi": 381.025,
      "wk52_lo": 269.175
    },
    "hogs": {
      "ticker": "HE=F",
      "close": 86.325,
      "open": 95.625,
      "netChange": -9.3,
      "pctChange": -9.7255,
      "wk52_hi": 113.7,
      "wk52_lo": 77.35
    },
    "milk": {
      "ticker": "DC=F",
      "close": 17.54,
      "open": 14.92,
      "netChange": 2.62,
      "pctChange": 17.5603,
      "wk52_hi": 20.24,
      "wk52_lo": 14.53
    },
    "meal": {
      "ticker": "ZM=F",
      "close": 314.20001,
      "open": 316.39999,
      "netChange": -2.19998,
      "pctChange": -0.6953,
      "wk52_hi": 331.7,
      "wk52_lo": 258.6
    },
    "soyoil": {
      "ticker": "ZL=F",
      "close": 63.4,
      "open": 63.1,
      "netChange": 0.3,
      "pctChange": 0.4754,
      "wk52_hi": 61.92,
      "wk52_lo": 40.78
    },
    "crude": {
      "ticker": "CL=F",
      "close": 71.61,
      "open": 71.31,
      "netChange": 0.3,
      "pctChange": 0.4207,
      "wk52_hi": 78.4,
      "wk52_lo": 54.98
    },
    "natgas": {
      "ticker": "NG=F",
      "close": 2.959,
      "open": 2.894,
      "netChange": 0.065,
      "pctChange": 2.246,
      "wk52_hi": 7.827,
      "wk52_lo": 2.622
    },
    "gold": {
      "ticker": "GC=F",
      "close": 5343.2998,
      "open": 5369.7998,
      "netChange": -26.5,
      "pctChange": -0.4935,
      "wk52_hi": 5586.2002,
      "wk52_lo": 2863.3999
    },
    "silver": {
      "ticker": "SI=F",
      "close": 90.445,
      "open": 94.08,
      "netChange": -3.635,
      "pctChange": -3.8637,
      "wk52_hi": 121.3,
      "wk52_lo": 28.31
    },
    "dollar": {
      "ticker": "DX=F",
      "close": 98.43,
      "open": 97.845,
      "netChange": 0.585,
      "pctChange": 0.5979,
      "wk52_hi": 107.36,
      "wk52_lo": 95.36
    },
    "treasury10": {
      "ticker": "^TNX",
      "close": 4.046,
      "open": 3.962,
      "netChange": 0.084,
      "pctChange": 2.1201,
      "wk52_hi": 4.629,
      "wk52_lo": 3.886
    },
    "sp500": {
      "ticker": "^GSPC",
      "close": 6845.29004,
      "open": 6878.04004,
      "netChange": -32.75,
      "pctChange": -0.4762,
      "wk52_hi": 7002.2798,
      "wk52_lo": 4835.04
    }
  }
}