{
  "fetched": "2026-04-15T03:47:19Z",
  "ok": 21,
  "failed": 1,
  "quotes": {
    "corn": {
      "ticker": "ZC=F",
      "close": 445.25,
      "open": 442.5,
      "netChange": 2.75,
      "pctChange": 0.6215,
      "wk52_hi": 488.75,
      "wk52_lo": 368.75
    },
    "corn-dec": {
      "ticker": "ZCZ26.CBT",
      "close": 472.5,
      "open": 473.0,
      "netChange": -0.5,
      "pctChange": -0.1057,
      "wk52_hi": 498.5,
      "wk52_lo": 440.75
    },
    "beans": {
      "ticker": "ZS=F",
      "close": 1161.25,
      "open": 1162.5,
      "netChange": -1.25,
      "pctChange": -0.1075,
      "wk52_hi": 1223.25,
      "wk52_lo": 960.75
    },
    "beans-nov": {
      "ticker": "ZSX26.CBT",
      "close": 1146.75,
      "open": 1150.0,
      "netChange": -3.25,
      "pctChange": -0.2826,
      "wk52_hi": 1174.25,
      "wk52_lo": 1023.25
    },
    "wheat": {
      "ticker": "ZW=F",
      "close": 602.0,
      "open": 583.25,
      "netChange": 18.75,
      "pctChange": 3.2147,
      "wk52_hi": 635.0,
      "wk52_lo": 492.25
    },
    "oats": {
      "ticker": "ZO=F",
      "close": 342.75,
      "open": 339.0,
      "netChange": 3.75,
      "pctChange": 1.1062,
      "wk52_hi": 403.5,
      "wk52_lo": 272.0
    },
    "cattle": {
      "ticker": "LE=F",
      "close": 251.35001,
      "open": 248.7,
      "netChange": 2.65001,
      "pctChange": 1.0655,
      "wk52_hi": 252.25,
      "wk52_lo": 203.95
    },
    "feeders": {
      "ticker": "GF=F",
      "close": 374.375,
      "open": 373.82501,
      "netChange": 0.54999,
      "pctChange": 0.1471,
      "wk52_hi": 381.025,
      "wk52_lo": 285.1
    },
    "hogs": {
      "ticker": "HE=F",
      "close": 102.475,
      "open": 102.975,
      "netChange": -0.5,
      "pctChange": -0.4856,
      "wk52_hi": 113.7,
      "wk52_lo": 77.35
    },
    "milk": {
      "ticker": "DC=F",
      "close": 18.12,
      "open": 17.21,
      "netChange": 0.91,
      "pctChange": 5.2876,
      "wk52_hi": 18.89,
      "wk52_lo": 14.53
    },
    "meal": {
      "ticker": "ZM=F",
      "close": 327.39999,
      "open": 334.70001,
      "netChange": -7.30002,
      "pctChange": -2.1811,
      "wk52_hi": 336.3,
      "wk52_lo": 258.6
    },
    "soyoil": {
      "ticker": "ZL=F",
      "close": 66.33,
      "open": 65.87,
      "netChange": 0.46,
      "pctChange": 0.6983,
      "wk52_hi": 70.49,
      "wk52_lo": 45.74
    },
    "crude": {
      "ticker": "CL=F",
      "close": 91.03,
      "open": 96.95,
      "netChange": -5.92,
      "pctChange": -6.1062,
      "wk52_hi": 119.48,
      "wk52_lo": 54.98
    },
    "natgas": {
      "ticker": "NG=F",
      "close": 2.593,
      "open": 2.607,
      "netChange": -0.014,
      "pctChange": -0.537,
      "wk52_hi": 7.827,
      "wk52_lo": 2.615
    },
    "gold": {
      "ticker": "GC=F",
      "close": 4851.3999,
      "open": 4792.2998,
      "netChange": 59.1001,
      "pctChange": 1.2332,
      "wk52_hi": 5586.2002,
      "wk52_lo": 3125.0
    },
    "silver": {
      "ticker": "SI=F",
      "close": 80.215,
      "open": 77.07,
      "netChange": 3.145,
      "pctChange": 4.0807,
      "wk52_hi": 121.3,
      "wk52_lo": 31.685
    },
    "dollar": {
      "ticker": "DX=F",
      "close": 100.0,
      "open": 99.873,
      "netChange": 0.127,
      "pctChange": 0.1272
    },
    "treasury10": {
      "ticker": "^TNX",
      "close": 4.256,
      "open": 4.297,
      "netChange": -0.041,
      "pctChange": -0.9542,
      "wk52_hi": 4.629,
      "wk52_lo": 3.947
    },
    "sp500": {
      "ticker": "^GSPC",
      "close": 6967.37988,
      "open": 6886.24,
      "netChange": 81.13988,
      "pctChange": 1.1783,
      "wk52_hi": 7002.2798,
      "wk52_lo": 5101.6299
    },
    "bitcoin": {
      "ticker": "BTC-USD",
      "close": 74288.00781,
      "open": 74213.28125,
      "netChange": 74.72656,
      "pctChange": 0.1007,
      "wk52_hi": 126198.0703,
      "wk52_lo": 60074.2031
    },
    "ripple": {
      "ticker": "XRP-USD",
      "close": 1.3581,
      "open": 1.3623,
      "netChange": -0.0042,
      "pctChange": -0.3083,
      "wk52_hi": 3.6502,
      "wk52_lo": 1.1335
    },
    "kaspa": {
      "ticker": "KAS-USD",
      "close": 0.03187,
      "open": 0.03236,
      "netChange": -0.00049,
      "pctChange": -1.5142,
      "wk52_hi": 0.1308,
      "wk52_lo": 0.0139
    }
  }
}