{
  "fetched": "2026-03-02T20:37:32Z",
  "ok": 19,
  "failed": 0,
  "quotes": {
    "corn": {
      "ticker": "ZC=F",
      "close": 445.25,
      "open": 448.0,
      "netChange": -2.75,
      "pctChange": -0.6138,
      "wk52_hi": 490.75,
      "wk52_lo": 368.75
    },
    "corn-dec": {
      "ticker": "ZCZ26.CBT",
      "close": 469.25,
      "open": 470.25,
      "netChange": -1.0,
      "pctChange": -0.2127,
      "wk52_hi": 477.0,
      "wk52_lo": 440.75
    },
    "beans": {
      "ticker": "ZS=F",
      "close": 1161.75,
      "open": 1170.25,
      "netChange": -8.5,
      "pctChange": -0.7263,
      "wk52_hi": 1169.5,
      "wk52_lo": 960.75
    },
    "beans-nov": {
      "ticker": "ZSX26.CBT",
      "close": 1128.0,
      "open": 1128.5,
      "netChange": -0.5,
      "pctChange": -0.0443,
      "wk52_hi": 1132.5,
      "wk52_lo": 992.0
    },
    "wheat": {
      "ticker": "ZW=F",
      "close": 576.25,
      "open": 590.75,
      "netChange": -14.5,
      "pctChange": -2.4545,
      "wk52_hi": 595.75,
      "wk52_lo": 492.25
    },
    "oats": {
      "ticker": "ZO=F",
      "close": 316.0,
      "open": 320.0,
      "netChange": -4.0,
      "pctChange": -1.25,
      "wk52_hi": 403.5,
      "wk52_lo": 272.0
    },
    "cattle": {
      "ticker": "LE=F",
      "close": 233.64999,
      "open": 232.22501,
      "netChange": 1.42498,
      "pctChange": 0.6136,
      "wk52_hi": 247.75,
      "wk52_lo": 189.5
    },
    "feeders": {
      "ticker": "GF=F",
      "close": 353.70001,
      "open": 350.97501,
      "netChange": 2.725,
      "pctChange": 0.7764,
      "wk52_hi": 381.025,
      "wk52_lo": 269.175
    },
    "hogs": {
      "ticker": "HE=F",
      "close": 95.575,
      "open": 95.625,
      "netChange": -0.05,
      "pctChange": -0.0523,
      "wk52_hi": 113.7,
      "wk52_lo": 77.35
    },
    "milk": {
      "ticker": "DC=F",
      "close": 17.19,
      "open": 14.92,
      "netChange": 2.27,
      "pctChange": 15.2145,
      "wk52_hi": 20.24,
      "wk52_lo": 14.53
    },
    "meal": {
      "ticker": "ZM=F",
      "close": 312.5,
      "open": 316.39999,
      "netChange": -3.89999,
      "pctChange": -1.2326,
      "wk52_hi": 331.7,
      "wk52_lo": 258.6
    },
    "soyoil": {
      "ticker": "ZL=F",
      "close": 62.68,
      "open": 63.1,
      "netChange": -0.42,
      "pctChange": -0.6656,
      "wk52_hi": 61.92,
      "wk52_lo": 40.78
    },
    "crude": {
      "ticker": "CL=F",
      "close": 72.69,
      "open": 71.31,
      "netChange": 1.38,
      "pctChange": 1.9352,
      "wk52_hi": 78.4,
      "wk52_lo": 54.98
    },
    "natgas": {
      "ticker": "NG=F",
      "close": 2.985,
      "open": 2.894,
      "netChange": 0.091,
      "pctChange": 3.1444,
      "wk52_hi": 7.827,
      "wk52_lo": 2.622
    },
    "gold": {
      "ticker": "GC=F",
      "close": 5359.0,
      "open": 5369.7998,
      "netChange": -10.7998,
      "pctChange": -0.2011,
      "wk52_hi": 5586.2002,
      "wk52_lo": 2863.3999
    },
    "silver": {
      "ticker": "SI=F",
      "close": 90.125,
      "open": 94.08,
      "netChange": -3.955,
      "pctChange": -4.2039,
      "wk52_hi": 121.3,
      "wk52_lo": 28.31
    },
    "dollar": {
      "ticker": "DX=F",
      "close": 98.54,
      "open": 97.845,
      "netChange": 0.695,
      "pctChange": 0.7103,
      "wk52_hi": 107.36,
      "wk52_lo": 95.36
    },
    "treasury10": {
      "ticker": "^TNX",
      "close": 4.048,
      "open": 3.962,
      "netChange": 0.086,
      "pctChange": 2.1706,
      "wk52_hi": 4.629,
      "wk52_lo": 3.886
    },
    "sp500": {
      "ticker": "^GSPC",
      "close": 6876.95996,
      "open": 6878.04004,
      "netChange": -1.08008,
      "pctChange": -0.0157,
      "wk52_hi": 7002.2798,
      "wk52_lo": 4835.04
    }
  }
}