{
  "fetched": "2026-03-26T20:56:26Z",
  "ok": 21,
  "failed": 1,
  "quotes": {
    "corn": {
      "ticker": "ZC=F",
      "close": 466.25,
      "open": 467.5,
      "netChange": -1.25,
      "pctChange": -0.2674,
      "wk52_hi": 490.75,
      "wk52_lo": 368.75
    },
    "corn-dec": {
      "ticker": "ZCZ26.CBT",
      "close": 493.75,
      "open": 494.0,
      "netChange": -0.25,
      "pctChange": -0.0506,
      "wk52_hi": 498.5,
      "wk52_lo": 440.75
    },
    "beans": {
      "ticker": "ZS=F",
      "close": 1171.0,
      "open": 1175.0,
      "netChange": -4.0,
      "pctChange": -0.3404,
      "wk52_hi": 1223.25,
      "wk52_lo": 960.75
    },
    "beans-nov": {
      "ticker": "ZSX26.CBT",
      "close": 1151.25,
      "open": 1151.0,
      "netChange": 0.25,
      "pctChange": 0.0217,
      "wk52_hi": 1174.25,
      "wk52_lo": 992.0
    },
    "wheat": {
      "ticker": "ZW=F",
      "close": 605.25,
      "open": 599.5,
      "netChange": 5.75,
      "pctChange": 0.9591,
      "wk52_hi": 635.0,
      "wk52_lo": 492.25
    },
    "oats": {
      "ticker": "ZO=F",
      "close": 340.75,
      "open": 334.0,
      "netChange": 6.75,
      "pctChange": 2.021,
      "wk52_hi": 403.5,
      "wk52_lo": 272.0
    },
    "cattle": {
      "ticker": "LE=F",
      "close": 234.825,
      "open": 233.77499,
      "netChange": 1.05001,
      "pctChange": 0.4492,
      "wk52_hi": 247.75,
      "wk52_lo": 197.75
    },
    "feeders": {
      "ticker": "GF=F",
      "close": 351.97501,
      "open": 350.22501,
      "netChange": 1.75,
      "pctChange": 0.4997,
      "wk52_hi": 381.025,
      "wk52_lo": 273.1
    },
    "hogs": {
      "ticker": "HE=F",
      "close": 104.325,
      "open": 104.15,
      "netChange": 0.175,
      "pctChange": 0.168,
      "wk52_hi": 113.7,
      "wk52_lo": 77.35
    },
    "milk": {
      "ticker": "DC=F",
      "close": 17.95,
      "open": 17.8,
      "netChange": 0.15,
      "pctChange": 0.8427,
      "wk52_hi": 18.89,
      "wk52_lo": 14.53
    },
    "meal": {
      "ticker": "ZM=F",
      "close": 321.70001,
      "open": 320.39999,
      "netChange": 1.30002,
      "pctChange": 0.4057,
      "wk52_hi": 335.5,
      "wk52_lo": 258.6
    },
    "soyoil": {
      "ticker": "ZL=F",
      "close": 67.85,
      "open": 67.37,
      "netChange": 0.48,
      "pctChange": 0.7125,
      "wk52_hi": 69.24,
      "wk52_lo": 42.34
    },
    "crude": {
      "ticker": "CL=F",
      "close": 93.59,
      "open": 91.72,
      "netChange": 1.87,
      "pctChange": 2.0388,
      "wk52_hi": 119.48,
      "wk52_lo": 54.98
    },
    "natgas": {
      "ticker": "NG=F",
      "close": 2.915,
      "open": 2.924,
      "netChange": -0.009,
      "pctChange": -0.3078,
      "wk52_hi": 7.827,
      "wk52_lo": 2.622
    },
    "gold": {
      "ticker": "GC=F",
      "close": 4403.8999,
      "open": 4510.2002,
      "netChange": -106.3003,
      "pctChange": -2.3569,
      "wk52_hi": 5586.2002,
      "wk52_lo": 2949.7
    },
    "silver": {
      "ticker": "SI=F",
      "close": 68.695,
      "open": 71.82,
      "netChange": -3.125,
      "pctChange": -4.3512,
      "wk52_hi": 121.3,
      "wk52_lo": 28.31
    },
    "dollar": {
      "ticker": "DX=F",
      "close": 100.0,
      "open": 99.873,
      "netChange": 0.127,
      "pctChange": 0.1272
    },
    "treasury10": {
      "ticker": "^TNX",
      "close": 4.416,
      "open": 4.328,
      "netChange": 0.088,
      "pctChange": 2.0333,
      "wk52_hi": 4.629,
      "wk52_lo": 3.886
    },
    "sp500": {
      "ticker": "^GSPC",
      "close": 6477.16016,
      "open": 6591.9,
      "netChange": -114.73984,
      "pctChange": -1.7406,
      "wk52_hi": 7002.2798,
      "wk52_lo": 4835.04
    },
    "bitcoin": {
      "ticker": "BTC-USD",
      "close": 69030.02344,
      "open": 71317.35156,
      "netChange": -2287.32812,
      "pctChange": -3.2073,
      "wk52_hi": 126198.0703,
      "wk52_lo": 60074.2031
    },
    "ripple": {
      "ticker": "XRP-USD",
      "close": 1.36091,
      "open": 1.41427,
      "netChange": -0.05336,
      "pctChange": -3.773,
      "wk52_hi": 3.6502,
      "wk52_lo": 1.1335
    },
    "kaspa": {
      "ticker": "KAS-USD",
      "close": 0.03591,
      "open": 0.03852,
      "netChange": -0.00261,
      "pctChange": -6.7757,
      "wk52_hi": 0.1308,
      "wk52_lo": 0.0139
    }
  }
}