{
  "fetched": "2026-04-12T12:54:40Z",
  "ok": 21,
  "failed": 1,
  "quotes": {
    "corn": {
      "ticker": "ZC=F",
      "close": 441.0,
      "open": 444.25,
      "netChange": -3.25,
      "pctChange": -0.7316,
      "wk52_hi": 490.25,
      "wk52_lo": 368.75
    },
    "corn-dec": {
      "ticker": "ZCZ26.CBT",
      "close": 472.25,
      "open": 473.75,
      "netChange": -1.5,
      "pctChange": -0.3166,
      "wk52_hi": 498.5,
      "wk52_lo": 440.75
    },
    "beans": {
      "ticker": "ZS=F",
      "close": 1175.75,
      "open": 1167.75,
      "netChange": 8.0,
      "pctChange": 0.6851,
      "wk52_hi": 1223.25,
      "wk52_lo": 960.75
    },
    "beans-nov": {
      "ticker": "ZSX26.CBT",
      "close": 1157.75,
      "open": 1154.75,
      "netChange": 3.0,
      "pctChange": 0.2598,
      "wk52_hi": 1174.25,
      "wk52_lo": 1023.25
    },
    "wheat": {
      "ticker": "ZW=F",
      "close": 571.0,
      "open": 576.25,
      "netChange": -5.25,
      "pctChange": -0.9111,
      "wk52_hi": 635.0,
      "wk52_lo": 492.25
    },
    "oats": {
      "ticker": "ZO=F",
      "close": 332.25,
      "open": 334.5,
      "netChange": -2.25,
      "pctChange": -0.6726,
      "wk52_hi": 403.5,
      "wk52_lo": 272.0
    },
    "cattle": {
      "ticker": "LE=F",
      "close": 249.2,
      "open": 247.52499,
      "netChange": 1.67501,
      "pctChange": 0.6767,
      "wk52_hi": 249.95,
      "wk52_lo": 202.625
    },
    "feeders": {
      "ticker": "GF=F",
      "close": 372.35001,
      "open": 370.77499,
      "netChange": 1.57502,
      "pctChange": 0.4248,
      "wk52_hi": 381.025,
      "wk52_lo": 285.1
    },
    "hogs": {
      "ticker": "HE=F",
      "close": 103.725,
      "open": 104.175,
      "netChange": -0.45,
      "pctChange": -0.432,
      "wk52_hi": 113.7,
      "wk52_lo": 77.35
    },
    "milk": {
      "ticker": "DC=F",
      "close": 17.17,
      "open": 17.05,
      "netChange": 0.12,
      "pctChange": 0.7038,
      "wk52_hi": 18.89,
      "wk52_lo": 14.53
    },
    "meal": {
      "ticker": "ZM=F",
      "close": 331.79999,
      "open": 320.39999,
      "netChange": 11.4,
      "pctChange": 3.5581,
      "wk52_hi": 335.5,
      "wk52_lo": 258.6
    },
    "soyoil": {
      "ticker": "ZL=F",
      "close": 67.09,
      "open": 67.48,
      "netChange": -0.39,
      "pctChange": -0.5779,
      "wk52_hi": 70.49,
      "wk52_lo": 45.74
    },
    "crude": {
      "ticker": "CL=F",
      "close": 96.57,
      "open": 97.79,
      "netChange": -1.22,
      "pctChange": -1.2476,
      "wk52_hi": 119.48,
      "wk52_lo": 54.98
    },
    "natgas": {
      "ticker": "NG=F",
      "close": 2.648,
      "open": 2.668,
      "netChange": -0.02,
      "pctChange": -0.7496,
      "wk52_hi": 7.827,
      "wk52_lo": 2.622
    },
    "gold": {
      "ticker": "GC=F",
      "close": 4787.3999,
      "open": 4789.1001,
      "netChange": -1.7002,
      "pctChange": -0.0355,
      "wk52_hi": 5586.2002,
      "wk52_lo": 3125.0
    },
    "silver": {
      "ticker": "SI=F",
      "close": 76.48,
      "open": 75.95,
      "netChange": 0.53,
      "pctChange": 0.6978,
      "wk52_hi": 121.3,
      "wk52_lo": 31.685
    },
    "dollar": {
      "ticker": "DX=F",
      "close": 100.0,
      "open": 99.873,
      "netChange": 0.127,
      "pctChange": 0.1272
    },
    "treasury10": {
      "ticker": "^TNX",
      "close": 4.317,
      "open": 4.293,
      "netChange": 0.024,
      "pctChange": 0.559,
      "wk52_hi": 4.629,
      "wk52_lo": 3.947
    },
    "sp500": {
      "ticker": "^GSPC",
      "close": 6816.89014,
      "open": 6824.66,
      "netChange": -7.76986,
      "pctChange": -0.1138,
      "wk52_hi": 7002.2798,
      "wk52_lo": 5101.6299
    },
    "bitcoin": {
      "ticker": "BTC-USD",
      "close": 71440.51562,
      "open": 73055.77344,
      "netChange": -1615.25782,
      "pctChange": -2.211,
      "wk52_hi": 126198.0703,
      "wk52_lo": 60074.2031
    },
    "ripple": {
      "ticker": "XRP-USD",
      "close": 1.33451,
      "open": 1.35544,
      "netChange": -0.02093,
      "pctChange": -1.5441,
      "wk52_hi": 3.6502,
      "wk52_lo": 1.1335
    },
    "kaspa": {
      "ticker": "KAS-USD",
      "close": 0.03236,
      "open": 0.03294,
      "netChange": -0.00058,
      "pctChange": -1.7608,
      "wk52_hi": 0.1308,
      "wk52_lo": 0.0139
    }
  }
}