{
  "fetched": "2026-04-24T13:15:34Z",
  "ok": 21,
  "failed": 1,
  "quotes": {
    "corn": {
      "ticker": "ZC=F",
      "close": 465.75,
      "open": 463.5,
      "netChange": 2.25,
      "pctChange": 0.4854,
      "wk52_hi": 480.75,
      "wk52_lo": 368.75
    },
    "corn-dec": {
      "ticker": "ZCZ26.CBT",
      "close": 485.5,
      "open": 483.5,
      "netChange": 2.0,
      "pctChange": 0.4137,
      "wk52_hi": 498.5,
      "wk52_lo": 440.75
    },
    "beans": {
      "ticker": "ZS=F",
      "close": 1175.25,
      "open": 1172.75,
      "netChange": 2.5,
      "pctChange": 0.2132,
      "wk52_hi": 1223.25,
      "wk52_lo": 960.75
    },
    "beans-nov": {
      "ticker": "ZSX26.CBT",
      "close": 1154.75,
      "open": 1152.5,
      "netChange": 2.25,
      "pctChange": 0.1952,
      "wk52_hi": 1174.25,
      "wk52_lo": 1023.25
    },
    "wheat": {
      "ticker": "ZW=F",
      "close": 619.5,
      "open": 619.25,
      "netChange": 0.25,
      "pctChange": 0.0404,
      "wk52_hi": 635.0,
      "wk52_lo": 492.25
    },
    "oats": {
      "ticker": "ZO=F",
      "close": 335.75,
      "open": 335.5,
      "netChange": 0.25,
      "pctChange": 0.0745,
      "wk52_hi": 403.5,
      "wk52_lo": 272.0
    },
    "cattle": {
      "ticker": "LE=F",
      "close": 243.475,
      "open": 243.22501,
      "netChange": 0.24999,
      "pctChange": 0.1028,
      "wk52_hi": 253.6,
      "wk52_lo": 204.55
    },
    "feeders": {
      "ticker": "GF=F",
      "close": 359.125,
      "open": 359.0,
      "netChange": 0.125,
      "pctChange": 0.0348,
      "wk52_hi": 381.025,
      "wk52_lo": 288.475
    },
    "hogs": {
      "ticker": "HE=F",
      "close": 103.425,
      "open": 102.5,
      "netChange": 0.925,
      "pctChange": 0.9024,
      "wk52_hi": 113.7,
      "wk52_lo": 77.35
    },
    "milk": {
      "ticker": "DC=F",
      "close": 16.86,
      "open": 18.01,
      "netChange": -1.15,
      "pctChange": -6.3853,
      "wk52_hi": 18.89,
      "wk52_lo": 14.53
    },
    "meal": {
      "ticker": "ZM=F",
      "close": 317.0,
      "open": 316.60001,
      "netChange": 0.39999,
      "pctChange": 0.1263,
      "wk52_hi": 339.6,
      "wk52_lo": 258.6
    },
    "soyoil": {
      "ticker": "ZL=F",
      "close": 71.07,
      "open": 70.99,
      "netChange": 0.08,
      "pctChange": 0.1127,
      "wk52_hi": 73.32,
      "wk52_lo": 45.74
    },
    "crude": {
      "ticker": "CL=F",
      "close": 95.48,
      "open": 96.62,
      "netChange": -1.14,
      "pctChange": -1.1799,
      "wk52_hi": 119.48,
      "wk52_lo": 54.98
    },
    "natgas": {
      "ticker": "NG=F",
      "close": 2.699,
      "open": 2.722,
      "netChange": -0.023,
      "pctChange": -0.845,
      "wk52_hi": 7.827,
      "wk52_lo": 2.561
    },
    "gold": {
      "ticker": "GC=F",
      "close": 4714.3999,
      "open": 4687.5,
      "netChange": 26.8999,
      "pctChange": 0.5739,
      "wk52_hi": 5586.2002,
      "wk52_lo": 3125.0
    },
    "silver": {
      "ticker": "SI=F",
      "close": 75.335,
      "open": 74.81,
      "netChange": 0.525,
      "pctChange": 0.7018,
      "wk52_hi": 121.3,
      "wk52_lo": 31.685
    },
    "dollar": {
      "ticker": "DX=F",
      "close": 100.0,
      "open": 99.873,
      "netChange": 0.127,
      "pctChange": 0.1272
    },
    "treasury10": {
      "ticker": "^TNX",
      "close": 4.318,
      "open": 4.323,
      "netChange": -0.005,
      "pctChange": -0.1157,
      "wk52_hi": 4.629,
      "wk52_lo": 3.947
    },
    "sp500": {
      "ticker": "^GSPC",
      "close": 7108.3999,
      "open": 7137.9,
      "netChange": -29.5001,
      "pctChange": -0.4133,
      "wk52_hi": 7147.7798,
      "wk52_lo": 5433.2402
    },
    "bitcoin": {
      "ticker": "BTC-USD",
      "close": 78342.15625,
      "open": 78281.32031,
      "netChange": 60.83594,
      "pctChange": 0.0777,
      "wk52_hi": 126198.0703,
      "wk52_lo": 60074.2031
    },
    "ripple": {
      "ticker": "XRP-USD",
      "close": 1.4416,
      "open": 1.4393,
      "netChange": 0.0023,
      "pctChange": 0.1598,
      "wk52_hi": 3.6502,
      "wk52_lo": 1.1335
    },
    "kaspa": {
      "ticker": "KAS-USD",
      "close": 0.03382,
      "open": 0.03436,
      "netChange": -0.00054,
      "pctChange": -1.5716,
      "wk52_hi": 0.1308,
      "wk52_lo": 0.0139
    }
  }
}