{
  "fetched": "2026-03-03T17:39:01Z",
  "ok": 19,
  "failed": 0,
  "quotes": {
    "corn": {
      "ticker": "ZC=F",
      "close": 445.0,
      "open": 446.5,
      "netChange": -1.5,
      "pctChange": -0.3359,
      "wk52_hi": 490.75,
      "wk52_lo": 368.75
    },
    "corn-dec": {
      "ticker": "ZCZ26.CBT",
      "close": 469.75,
      "open": 470.25,
      "netChange": -0.5,
      "pctChange": -0.1063,
      "wk52_hi": 477.0,
      "wk52_lo": 440.75
    },
    "beans": {
      "ticker": "ZS=F",
      "close": 1164.25,
      "open": 1170.25,
      "netChange": -6.0,
      "pctChange": -0.5127,
      "wk52_hi": 1169.75,
      "wk52_lo": 960.75
    },
    "beans-nov": {
      "ticker": "ZSX26.CBT",
      "close": 1127.75,
      "open": 1132.75,
      "netChange": -5.0,
      "pctChange": -0.4414,
      "wk52_hi": 1136.0,
      "wk52_lo": 992.0
    },
    "wheat": {
      "ticker": "ZW=F",
      "close": 569.75,
      "open": 577.0,
      "netChange": -7.25,
      "pctChange": -1.2565,
      "wk52_hi": 596.0,
      "wk52_lo": 492.25
    },
    "oats": {
      "ticker": "ZO=F",
      "close": 322.5,
      "open": 316.5,
      "netChange": 6.0,
      "pctChange": 1.8957,
      "wk52_hi": 403.5,
      "wk52_lo": 272.0
    },
    "cattle": {
      "ticker": "LE=F",
      "close": 234.075,
      "open": 233.64999,
      "netChange": 0.42501,
      "pctChange": 0.1819,
      "wk52_hi": 247.75,
      "wk52_lo": 189.5
    },
    "feeders": {
      "ticker": "GF=F",
      "close": 353.77499,
      "open": 353.70001,
      "netChange": 0.07498,
      "pctChange": 0.0212,
      "wk52_hi": 381.025,
      "wk52_lo": 269.175
    },
    "hogs": {
      "ticker": "HE=F",
      "close": 95.475,
      "open": 95.575,
      "netChange": -0.1,
      "pctChange": -0.1046,
      "wk52_hi": 113.7,
      "wk52_lo": 77.35
    },
    "milk": {
      "ticker": "DC=F",
      "close": 17.33,
      "open": 18.02,
      "netChange": -0.69,
      "pctChange": -3.8291,
      "wk52_hi": 20.24,
      "wk52_lo": 14.53
    },
    "meal": {
      "ticker": "ZM=F",
      "close": 312.29999,
      "open": 314.0,
      "netChange": -1.70001,
      "pctChange": -0.5414,
      "wk52_hi": 331.7,
      "wk52_lo": 258.6
    },
    "soyoil": {
      "ticker": "ZL=F",
      "close": 62.89,
      "open": 63.24,
      "netChange": -0.35,
      "pctChange": -0.5534,
      "wk52_hi": 63.11,
      "wk52_lo": 40.78
    },
    "crude": {
      "ticker": "CL=F",
      "close": 75.82,
      "open": 72.67,
      "netChange": 3.15,
      "pctChange": 4.3347,
      "wk52_hi": 78.4,
      "wk52_lo": 54.98
    },
    "natgas": {
      "ticker": "NG=F",
      "close": 3.138,
      "open": 3.03,
      "netChange": 0.108,
      "pctChange": 3.5644,
      "wk52_hi": 7.827,
      "wk52_lo": 2.622
    },
    "gold": {
      "ticker": "GC=F",
      "close": 5096.2002,
      "open": 5377.8999,
      "netChange": -281.6997,
      "pctChange": -5.2381,
      "wk52_hi": 5586.2002,
      "wk52_lo": 2880.2
    },
    "silver": {
      "ticker": "SI=F",
      "close": 82.78,
      "open": 89.885,
      "netChange": -7.105,
      "pctChange": -7.9045,
      "wk52_hi": 121.3,
      "wk52_lo": 28.31
    },
    "dollar": {
      "ticker": "DX=F",
      "close": 99.21,
      "open": 98.595,
      "netChange": 0.615,
      "pctChange": 0.6238,
      "wk52_hi": 106.6,
      "wk52_lo": 95.36
    },
    "treasury10": {
      "ticker": "^TNX",
      "close": 4.061,
      "open": 4.048,
      "netChange": 0.013,
      "pctChange": 0.3211,
      "wk52_hi": 4.629,
      "wk52_lo": 3.886
    },
    "sp500": {
      "ticker": "^GSPC",
      "close": 6780.50977,
      "open": 6880.0498,
      "netChange": -99.54003,
      "pctChange": -1.4468,
      "wk52_hi": 7002.2798,
      "wk52_lo": 4835.04
    }
  }
}