{
  "fetched": "2026-04-25T08:30:21Z",
  "ok": 21,
  "failed": 1,
  "quotes": {
    "corn": {
      "ticker": "ZC=F",
      "close": 455.0,
      "open": 463.5,
      "netChange": -8.5,
      "pctChange": -1.8339,
      "wk52_hi": 478.75,
      "wk52_lo": 368.75
    },
    "corn-dec": {
      "ticker": "ZCZ26.CBT",
      "close": 484.25,
      "open": 483.5,
      "netChange": 0.75,
      "pctChange": 0.1551,
      "wk52_hi": 498.5,
      "wk52_lo": 440.75
    },
    "beans": {
      "ticker": "ZS=F",
      "close": 1163.75,
      "open": 1172.75,
      "netChange": -9.0,
      "pctChange": -0.7674,
      "wk52_hi": 1223.25,
      "wk52_lo": 960.75
    },
    "beans-nov": {
      "ticker": "ZSX26.CBT",
      "close": 1155.75,
      "open": 1152.5,
      "netChange": 3.25,
      "pctChange": 0.282,
      "wk52_hi": 1174.25,
      "wk52_lo": 1023.25
    },
    "wheat": {
      "ticker": "ZW=F",
      "close": 608.25,
      "open": 619.25,
      "netChange": -11.0,
      "pctChange": -1.7763,
      "wk52_hi": 635.0,
      "wk52_lo": 492.25
    },
    "oats": {
      "ticker": "ZO=F",
      "close": 322.75,
      "open": 335.5,
      "netChange": -12.75,
      "pctChange": -3.8003,
      "wk52_hi": 403.5,
      "wk52_lo": 272.0
    },
    "cattle": {
      "ticker": "LE=F",
      "close": 248.3,
      "open": 243.47501,
      "netChange": 4.82499,
      "pctChange": 1.9817,
      "wk52_hi": 253.6,
      "wk52_lo": 204.55
    },
    "feeders": {
      "ticker": "GF=F",
      "close": 367.625,
      "open": 359.125,
      "netChange": 8.5,
      "pctChange": 2.3669,
      "wk52_hi": 381.025,
      "wk52_lo": 290.975
    },
    "hogs": {
      "ticker": "HE=F",
      "close": 94.3,
      "open": 103.425,
      "netChange": -9.125,
      "pctChange": -8.8228,
      "wk52_hi": 113.7,
      "wk52_lo": 77.35
    },
    "milk": {
      "ticker": "DC=F",
      "close": 16.84,
      "open": 18.01,
      "netChange": -1.17,
      "pctChange": -6.4964,
      "wk52_hi": 18.89,
      "wk52_lo": 14.53
    },
    "meal": {
      "ticker": "ZM=F",
      "close": 324.29999,
      "open": 316.60001,
      "netChange": 7.69998,
      "pctChange": 2.4321,
      "wk52_hi": 339.6,
      "wk52_lo": 258.6
    },
    "soyoil": {
      "ticker": "ZL=F",
      "close": 71.91,
      "open": 70.99,
      "netChange": 0.92,
      "pctChange": 1.296,
      "wk52_hi": 73.32,
      "wk52_lo": 45.74
    },
    "crude": {
      "ticker": "CL=F",
      "close": 94.4,
      "open": 96.62,
      "netChange": -2.22,
      "pctChange": -2.2977,
      "wk52_hi": 119.48,
      "wk52_lo": 54.98
    },
    "natgas": {
      "ticker": "NG=F",
      "close": 2.523,
      "open": 2.722,
      "netChange": -0.199,
      "pctChange": -7.3108,
      "wk52_hi": 7.827,
      "wk52_lo": 2.495
    },
    "gold": {
      "ticker": "GC=F",
      "close": 4722.2998,
      "open": 4687.5,
      "netChange": 34.7998,
      "pctChange": 0.7424,
      "wk52_hi": 5586.2002,
      "wk52_lo": 3125.0
    },
    "silver": {
      "ticker": "SI=F",
      "close": 76.383,
      "open": 74.81,
      "netChange": 1.573,
      "pctChange": 2.1027,
      "wk52_hi": 121.3,
      "wk52_lo": 31.685
    },
    "dollar": {
      "ticker": "DX=F",
      "close": 100.0,
      "open": 99.873,
      "netChange": 0.127,
      "pctChange": 0.1272
    },
    "treasury10": {
      "ticker": "^TNX",
      "close": 4.31,
      "open": 4.323,
      "netChange": -0.013,
      "pctChange": -0.3007,
      "wk52_hi": 4.629,
      "wk52_lo": 3.947
    },
    "sp500": {
      "ticker": "^GSPC",
      "close": 7165.08008,
      "open": 7108.4,
      "netChange": 56.68008,
      "pctChange": 0.7974,
      "wk52_hi": 7168.5898,
      "wk52_lo": 5433.2402
    },
    "bitcoin": {
      "ticker": "BTC-USD",
      "close": 77629.82031,
      "open": 77461.79688,
      "netChange": 168.02343,
      "pctChange": 0.2169,
      "wk52_hi": 126198.0703,
      "wk52_lo": 60074.2031
    },
    "ripple": {
      "ticker": "XRP-USD",
      "close": 1.4348,
      "open": 1.4338,
      "netChange": 0.001,
      "pctChange": 0.0697,
      "wk52_hi": 3.6502,
      "wk52_lo": 1.1335
    },
    "kaspa": {
      "ticker": "KAS-USD",
      "close": 0.03382,
      "open": 0.03436,
      "netChange": -0.00054,
      "pctChange": -1.5716,
      "wk52_hi": 0.1308,
      "wk52_lo": 0.0139
    }
  }
}