{
  "fetched": "2026-04-15T14:53:32Z",
  "ok": 21,
  "failed": 1,
  "quotes": {
    "corn": {
      "ticker": "ZC=F",
      "close": 448.5,
      "open": 445.25,
      "netChange": 3.25,
      "pctChange": 0.7299,
      "wk52_hi": 487.25,
      "wk52_lo": 368.75
    },
    "corn-dec": {
      "ticker": "ZCZ26.CBT",
      "close": 475.5,
      "open": 472.5,
      "netChange": 3.0,
      "pctChange": 0.6349,
      "wk52_hi": 498.5,
      "wk52_lo": 440.75
    },
    "beans": {
      "ticker": "ZS=F",
      "close": 1165.5,
      "open": 1161.0,
      "netChange": 4.5,
      "pctChange": 0.3876,
      "wk52_hi": 1223.25,
      "wk52_lo": 960.75
    },
    "beans-nov": {
      "ticker": "ZSX26.CBT",
      "close": 1151.5,
      "open": 1146.25,
      "netChange": 5.25,
      "pctChange": 0.458,
      "wk52_hi": 1174.25,
      "wk52_lo": 1023.25
    },
    "wheat": {
      "ticker": "ZW=F",
      "close": 597.25,
      "open": 601.75,
      "netChange": -4.5,
      "pctChange": -0.7478,
      "wk52_hi": 635.0,
      "wk52_lo": 492.25
    },
    "oats": {
      "ticker": "ZO=F",
      "close": 340.0,
      "open": 342.75,
      "netChange": -2.75,
      "pctChange": -0.8023,
      "wk52_hi": 403.5,
      "wk52_lo": 272.0
    },
    "cattle": {
      "ticker": "LE=F",
      "close": 250.97501,
      "open": 251.35001,
      "netChange": -0.375,
      "pctChange": -0.1492,
      "wk52_hi": 253.6,
      "wk52_lo": 204.55
    },
    "feeders": {
      "ticker": "GF=F",
      "close": 373.39999,
      "open": 375.42499,
      "netChange": -2.025,
      "pctChange": -0.5394,
      "wk52_hi": 381.025,
      "wk52_lo": 285.1
    },
    "hogs": {
      "ticker": "HE=F",
      "close": 102.225,
      "open": 102.475,
      "netChange": -0.25,
      "pctChange": -0.244,
      "wk52_hi": 113.7,
      "wk52_lo": 77.35
    },
    "milk": {
      "ticker": "DC=F",
      "close": 17.4,
      "open": 18.12,
      "netChange": -0.72,
      "pctChange": -3.9735,
      "wk52_hi": 18.89,
      "wk52_lo": 14.53
    },
    "meal": {
      "ticker": "ZM=F",
      "close": 332.60001,
      "open": 327.29999,
      "netChange": 5.30002,
      "pctChange": 1.6193,
      "wk52_hi": 339.6,
      "wk52_lo": 258.6
    },
    "soyoil": {
      "ticker": "ZL=F",
      "close": 66.36,
      "open": 66.31,
      "netChange": 0.05,
      "pctChange": 0.0754,
      "wk52_hi": 70.49,
      "wk52_lo": 45.74
    },
    "crude": {
      "ticker": "CL=F",
      "close": 91.9,
      "open": 90.94,
      "netChange": 0.96,
      "pctChange": 1.0556,
      "wk52_hi": 119.48,
      "wk52_lo": 54.98
    },
    "natgas": {
      "ticker": "NG=F",
      "close": 2.617,
      "open": 2.589,
      "netChange": 0.028,
      "pctChange": 1.0815,
      "wk52_hi": 7.827,
      "wk52_lo": 2.561
    },
    "gold": {
      "ticker": "GC=F",
      "close": 4843.6001,
      "open": 4849.6001,
      "netChange": -6.0,
      "pctChange": -0.1237,
      "wk52_hi": 5586.2002,
      "wk52_lo": 3125.0
    },
    "silver": {
      "ticker": "SI=F",
      "close": 80.245,
      "open": 79.925,
      "netChange": 0.32,
      "pctChange": 0.4004,
      "wk52_hi": 121.3,
      "wk52_lo": 31.685
    },
    "dollar": {
      "ticker": "DX=F",
      "close": 100.0,
      "open": 99.873,
      "netChange": 0.127,
      "pctChange": 0.1272
    },
    "treasury10": {
      "ticker": "^TNX",
      "close": 4.274,
      "open": 4.256,
      "netChange": 0.018,
      "pctChange": 0.4229,
      "wk52_hi": 4.629,
      "wk52_lo": 3.947
    },
    "sp500": {
      "ticker": "^GSPC",
      "close": 6992.5498,
      "open": 6966.77979,
      "netChange": 25.77001,
      "pctChange": 0.3699,
      "wk52_hi": 7002.2798,
      "wk52_lo": 5101.6299
    },
    "bitcoin": {
      "ticker": "BTC-USD",
      "close": 74168.82031,
      "open": 74213.28125,
      "netChange": -44.46094,
      "pctChange": -0.0599,
      "wk52_hi": 126198.0703,
      "wk52_lo": 60074.2031
    },
    "ripple": {
      "ticker": "XRP-USD",
      "close": 1.376,
      "open": 1.3623,
      "netChange": 0.0137,
      "pctChange": 1.0057,
      "wk52_hi": 3.6502,
      "wk52_lo": 1.1335
    },
    "kaspa": {
      "ticker": "KAS-USD",
      "close": 0.03256,
      "open": 0.03236,
      "netChange": 0.0002,
      "pctChange": 0.618,
      "wk52_hi": 0.1308,
      "wk52_lo": 0.0139
    }
  }
}