{
  "fetched": "2026-04-17T17:46:41Z",
  "ok": 21,
  "failed": 1,
  "quotes": {
    "corn": {
      "ticker": "ZC=F",
      "close": 457.25,
      "open": 458.75,
      "netChange": -1.5,
      "pctChange": -0.327,
      "wk52_hi": 487.25,
      "wk52_lo": 368.75
    },
    "corn-dec": {
      "ticker": "ZCZ26.CBT",
      "close": 476.25,
      "open": 477.0,
      "netChange": -0.75,
      "pctChange": -0.1572,
      "wk52_hi": 498.5,
      "wk52_lo": 440.75
    },
    "beans": {
      "ticker": "ZS=F",
      "close": 1182.75,
      "open": 1163.0,
      "netChange": 19.75,
      "pctChange": 1.6982,
      "wk52_hi": 1223.25,
      "wk52_lo": 960.75
    },
    "beans-nov": {
      "ticker": "ZSX26.CBT",
      "close": 1157.75,
      "open": 1154.5,
      "netChange": 3.25,
      "pctChange": 0.2815,
      "wk52_hi": 1174.25,
      "wk52_lo": 1023.25
    },
    "wheat": {
      "ticker": "ZW=F",
      "close": 598.25,
      "open": 606.75,
      "netChange": -8.5,
      "pctChange": -1.4009,
      "wk52_hi": 635.0,
      "wk52_lo": 492.25
    },
    "oats": {
      "ticker": "ZO=F",
      "close": 339.75,
      "open": 342.75,
      "netChange": -3.0,
      "pctChange": -0.8753,
      "wk52_hi": 403.5,
      "wk52_lo": 272.0
    },
    "cattle": {
      "ticker": "LE=F",
      "close": 246.925,
      "open": 247.60001,
      "netChange": -0.67501,
      "pctChange": -0.2726,
      "wk52_hi": 253.6,
      "wk52_lo": 204.55
    },
    "feeders": {
      "ticker": "GF=F",
      "close": 363.64999,
      "open": 366.92499,
      "netChange": -3.275,
      "pctChange": -0.8926,
      "wk52_hi": 381.025,
      "wk52_lo": 285.1
    },
    "hogs": {
      "ticker": "HE=F",
      "close": 100.925,
      "open": 101.7,
      "netChange": -0.775,
      "pctChange": -0.762,
      "wk52_hi": 113.7,
      "wk52_lo": 77.35
    },
    "milk": {
      "ticker": "DC=F",
      "close": 17.0,
      "open": 17.07,
      "netChange": -0.07,
      "pctChange": -0.4101,
      "wk52_hi": 18.89,
      "wk52_lo": 14.53
    },
    "meal": {
      "ticker": "ZM=F",
      "close": 328.5,
      "open": 327.89999,
      "netChange": 0.60001,
      "pctChange": 0.183,
      "wk52_hi": 339.6,
      "wk52_lo": 258.6
    },
    "soyoil": {
      "ticker": "ZL=F",
      "close": 67.94,
      "open": 68.87,
      "netChange": -0.93,
      "pctChange": -1.3504,
      "wk52_hi": 70.49,
      "wk52_lo": 45.74
    },
    "crude": {
      "ticker": "CL=F",
      "close": 82.67,
      "open": 89.83,
      "netChange": -7.16,
      "pctChange": -7.9706,
      "wk52_hi": 119.48,
      "wk52_lo": 54.98
    },
    "natgas": {
      "ticker": "NG=F",
      "close": 2.698,
      "open": 2.658,
      "netChange": 0.04,
      "pctChange": 1.5049,
      "wk52_hi": 7.827,
      "wk52_lo": 2.561
    },
    "gold": {
      "ticker": "GC=F",
      "close": 4881.1001,
      "open": 4814.1001,
      "netChange": 67.0,
      "pctChange": 1.3917,
      "wk52_hi": 5586.2002,
      "wk52_lo": 3125.0
    },
    "silver": {
      "ticker": "SI=F",
      "close": 81.645,
      "open": 78.99,
      "netChange": 2.655,
      "pctChange": 3.3612,
      "wk52_hi": 121.3,
      "wk52_lo": 31.685
    },
    "dollar": {
      "ticker": "DX=F",
      "close": 100.0,
      "open": 99.873,
      "netChange": 0.127,
      "pctChange": 0.1272
    },
    "treasury10": {
      "ticker": "^TNX",
      "close": 4.246,
      "open": 4.309,
      "netChange": -0.063,
      "pctChange": -1.4621,
      "wk52_hi": 4.629,
      "wk52_lo": 3.947
    },
    "sp500": {
      "ticker": "^GSPC",
      "close": 7126.70996,
      "open": 7039.37012,
      "netChange": 87.33984,
      "pctChange": 1.2407,
      "wk52_hi": 7051.23,
      "wk52_lo": 5101.6299
    },
    "bitcoin": {
      "ticker": "BTC-USD",
      "close": 77623.99219,
      "open": 75183.64844,
      "netChange": 2440.34375,
      "pctChange": 3.2458,
      "wk52_hi": 126198.0703,
      "wk52_lo": 60074.2031
    },
    "ripple": {
      "ticker": "XRP-USD",
      "close": 1.4875,
      "open": 1.4535,
      "netChange": 0.034,
      "pctChange": 2.3392,
      "wk52_hi": 3.6502,
      "wk52_lo": 1.1335
    },
    "kaspa": {
      "ticker": "KAS-USD",
      "close": 0.0358,
      "open": 0.03407,
      "netChange": 0.00173,
      "pctChange": 5.0778,
      "wk52_hi": 0.1308,
      "wk52_lo": 0.0139
    }
  }
}