{
  "fetched": "2026-04-23T18:09:24Z",
  "ok": 21,
  "failed": 1,
  "quotes": {
    "corn": {
      "ticker": "ZC=F",
      "close": 463.75,
      "open": 462.75,
      "netChange": 1.0,
      "pctChange": 0.2161,
      "wk52_hi": 480.75,
      "wk52_lo": 368.75
    },
    "corn-dec": {
      "ticker": "ZCZ26.CBT",
      "close": 483.75,
      "open": 482.25,
      "netChange": 1.5,
      "pctChange": 0.311,
      "wk52_hi": 498.5,
      "wk52_lo": 440.75
    },
    "beans": {
      "ticker": "ZS=F",
      "close": 1174.25,
      "open": 1180.75,
      "netChange": -6.5,
      "pctChange": -0.5505,
      "wk52_hi": 1223.25,
      "wk52_lo": 960.75
    },
    "beans-nov": {
      "ticker": "ZSX26.CBT",
      "close": 1154.75,
      "open": 1157.75,
      "netChange": -3.0,
      "pctChange": -0.2591,
      "wk52_hi": 1174.25,
      "wk52_lo": 1023.25
    },
    "wheat": {
      "ticker": "ZW=F",
      "close": 620.0,
      "open": 611.25,
      "netChange": 8.75,
      "pctChange": 1.4315,
      "wk52_hi": 635.0,
      "wk52_lo": 492.25
    },
    "oats": {
      "ticker": "ZO=F",
      "close": 334.25,
      "open": 333.25,
      "netChange": 1.0,
      "pctChange": 0.3001,
      "wk52_hi": 403.5,
      "wk52_lo": 272.0
    },
    "cattle": {
      "ticker": "LE=F",
      "close": 243.5,
      "open": 243.22501,
      "netChange": 0.27499,
      "pctChange": 0.1131,
      "wk52_hi": 253.6,
      "wk52_lo": 204.55
    },
    "feeders": {
      "ticker": "GF=F",
      "close": 358.97501,
      "open": 359.0,
      "netChange": -0.02499,
      "pctChange": -0.007,
      "wk52_hi": 381.025,
      "wk52_lo": 287.925
    },
    "hogs": {
      "ticker": "HE=F",
      "close": 103.425,
      "open": 102.5,
      "netChange": 0.925,
      "pctChange": 0.9024,
      "wk52_hi": 113.7,
      "wk52_lo": 77.35
    },
    "milk": {
      "ticker": "DC=F",
      "close": 17.97,
      "open": 17.45,
      "netChange": 0.52,
      "pctChange": 2.9799,
      "wk52_hi": 18.89,
      "wk52_lo": 14.53
    },
    "meal": {
      "ticker": "ZM=F",
      "close": 316.60001,
      "open": 316.89999,
      "netChange": -0.29998,
      "pctChange": -0.0947,
      "wk52_hi": 339.6,
      "wk52_lo": 258.6
    },
    "soyoil": {
      "ticker": "ZL=F",
      "close": 70.81,
      "open": 71.09,
      "netChange": -0.28,
      "pctChange": -0.3939,
      "wk52_hi": 73.32,
      "wk52_lo": 45.74
    },
    "crude": {
      "ticker": "CL=F",
      "close": 96.18,
      "open": 94.55,
      "netChange": 1.63,
      "pctChange": 1.724,
      "wk52_hi": 119.48,
      "wk52_lo": 54.98
    },
    "natgas": {
      "ticker": "NG=F",
      "close": 2.732,
      "open": 2.721,
      "netChange": 0.011,
      "pctChange": 0.4043,
      "wk52_hi": 7.827,
      "wk52_lo": 2.561
    },
    "gold": {
      "ticker": "GC=F",
      "close": 4725.1001,
      "open": 4720.0,
      "netChange": 5.1001,
      "pctChange": 0.1081,
      "wk52_hi": 5586.2002,
      "wk52_lo": 3125.0
    },
    "silver": {
      "ticker": "SI=F",
      "close": 75.635,
      "open": 76.07,
      "netChange": -0.435,
      "pctChange": -0.5718,
      "wk52_hi": 121.3,
      "wk52_lo": 31.685
    },
    "dollar": {
      "ticker": "DX=F",
      "close": 100.0,
      "open": 99.873,
      "netChange": 0.127,
      "pctChange": 0.1272
    },
    "treasury10": {
      "ticker": "^TNX",
      "close": 4.333,
      "open": 4.294,
      "netChange": 0.039,
      "pctChange": 0.9082,
      "wk52_hi": 4.629,
      "wk52_lo": 3.947
    },
    "sp500": {
      "ticker": "^GSPC",
      "close": 7099.49023,
      "open": 7137.12012,
      "netChange": -37.62989,
      "pctChange": -0.5272,
      "wk52_hi": 7147.52,
      "wk52_lo": 5371.96
    },
    "bitcoin": {
      "ticker": "BTC-USD",
      "close": 77993.72656,
      "open": 78232.89844,
      "netChange": -239.17188,
      "pctChange": -0.3057,
      "wk52_hi": 126198.0703,
      "wk52_lo": 60074.2031
    },
    "ripple": {
      "ticker": "XRP-USD",
      "close": 1.4378,
      "open": 1.4297,
      "netChange": 0.0081,
      "pctChange": 0.5666,
      "wk52_hi": 3.6502,
      "wk52_lo": 1.1335
    },
    "kaspa": {
      "ticker": "KAS-USD",
      "close": 0.03382,
      "open": 0.03436,
      "netChange": -0.00054,
      "pctChange": -1.5716,
      "wk52_hi": 0.1308,
      "wk52_lo": 0.0139
    }
  }
}