{
  "fetched": "2026-04-13T10:14:47Z",
  "ok": 21,
  "failed": 1,
  "quotes": {
    "corn": {
      "ticker": "ZC=F",
      "close": 445.0,
      "open": 444.25,
      "netChange": 0.75,
      "pctChange": 0.1688,
      "wk52_hi": 490.25,
      "wk52_lo": 368.75
    },
    "corn-dec": {
      "ticker": "ZCZ26.CBT",
      "close": 476.0,
      "open": 475.5,
      "netChange": 0.5,
      "pctChange": 0.1052,
      "wk52_hi": 498.5,
      "wk52_lo": 440.75
    },
    "beans": {
      "ticker": "ZS=F",
      "close": 1176.0,
      "open": 1176.75,
      "netChange": -0.75,
      "pctChange": -0.0637,
      "wk52_hi": 1223.25,
      "wk52_lo": 960.75
    },
    "beans-nov": {
      "ticker": "ZSX26.CBT",
      "close": 1160.5,
      "open": 1160.5,
      "netChange": 0.0,
      "pctChange": 0.0,
      "wk52_hi": 1174.25,
      "wk52_lo": 1023.25
    },
    "wheat": {
      "ticker": "ZW=F",
      "close": 582.5,
      "open": 579.75,
      "netChange": 2.75,
      "pctChange": 0.4743,
      "wk52_hi": 635.0,
      "wk52_lo": 492.25
    },
    "oats": {
      "ticker": "ZO=F",
      "close": 335.0,
      "open": 334.0,
      "netChange": 1.0,
      "pctChange": 0.2994,
      "wk52_hi": 403.5,
      "wk52_lo": 272.0
    },
    "cattle": {
      "ticker": "LE=F",
      "close": 249.2,
      "open": 247.52499,
      "netChange": 1.67501,
      "pctChange": 0.6767,
      "wk52_hi": 252.25,
      "wk52_lo": 202.625
    },
    "feeders": {
      "ticker": "GF=F",
      "close": 372.35,
      "open": 370.77499,
      "netChange": 1.57501,
      "pctChange": 0.4248,
      "wk52_hi": 381.025,
      "wk52_lo": 285.1
    },
    "hogs": {
      "ticker": "HE=F",
      "close": 103.725,
      "open": 104.175,
      "netChange": -0.45,
      "pctChange": -0.432,
      "wk52_hi": 113.7,
      "wk52_lo": 77.35
    },
    "milk": {
      "ticker": "DC=F",
      "close": 17.94,
      "open": 17.22,
      "netChange": 0.72,
      "pctChange": 4.1812,
      "wk52_hi": 18.89,
      "wk52_lo": 14.53
    },
    "meal": {
      "ticker": "ZM=F",
      "close": 331.39999,
      "open": 332.20001,
      "netChange": -0.80002,
      "pctChange": -0.2408,
      "wk52_hi": 335.5,
      "wk52_lo": 258.6
    },
    "soyoil": {
      "ticker": "ZL=F",
      "close": 67.92,
      "open": 67.73,
      "netChange": 0.19,
      "pctChange": 0.2805,
      "wk52_hi": 70.49,
      "wk52_lo": 45.74
    },
    "crude": {
      "ticker": "CL=F",
      "close": 104.37,
      "open": 104.85,
      "netChange": -0.48,
      "pctChange": -0.4578,
      "wk52_hi": 119.48,
      "wk52_lo": 54.98
    },
    "natgas": {
      "ticker": "NG=F",
      "close": 2.692,
      "open": 2.671,
      "netChange": 0.021,
      "pctChange": 0.7862,
      "wk52_hi": 7.827,
      "wk52_lo": 2.622
    },
    "gold": {
      "ticker": "GC=F",
      "close": 4738.2998,
      "open": 4741.6001,
      "netChange": -3.3003,
      "pctChange": -0.0696,
      "wk52_hi": 5586.2002,
      "wk52_lo": 3125.0
    },
    "silver": {
      "ticker": "SI=F",
      "close": 74.435,
      "open": 74.475,
      "netChange": -0.04,
      "pctChange": -0.0537,
      "wk52_hi": 121.3,
      "wk52_lo": 31.685
    },
    "dollar": {
      "ticker": "DX=F",
      "close": 100.0,
      "open": 99.873,
      "netChange": 0.127,
      "pctChange": 0.1272
    },
    "treasury10": {
      "ticker": "^TNX",
      "close": 4.317,
      "open": 4.293,
      "netChange": 0.024,
      "pctChange": 0.559,
      "wk52_hi": 4.629,
      "wk52_lo": 3.947
    },
    "sp500": {
      "ticker": "^GSPC",
      "close": 6816.89014,
      "open": 6824.66,
      "netChange": -7.76986,
      "pctChange": -0.1138,
      "wk52_hi": 7002.2798,
      "wk52_lo": 5101.6299
    },
    "bitcoin": {
      "ticker": "BTC-USD",
      "close": 70829.14062,
      "open": 70726.07031,
      "netChange": 103.07031,
      "pctChange": 0.1457,
      "wk52_hi": 126198.0703,
      "wk52_lo": 60074.2031
    },
    "ripple": {
      "ticker": "XRP-USD",
      "close": 1.32628,
      "open": 1.32502,
      "netChange": 0.00126,
      "pctChange": 0.0951,
      "wk52_hi": 3.6502,
      "wk52_lo": 1.1335
    },
    "kaspa": {
      "ticker": "KAS-USD",
      "close": 0.03174,
      "open": 0.03146,
      "netChange": 0.00028,
      "pctChange": 0.89,
      "wk52_hi": 0.1308,
      "wk52_lo": 0.0139
    }
  }
}