{
  "fetched": "2026-04-22T10:47:07Z",
  "ok": 21,
  "failed": 1,
  "quotes": {
    "corn": {
      "ticker": "ZC=F",
      "close": 464.25,
      "open": 463.75,
      "netChange": 0.5,
      "pctChange": 0.1078,
      "wk52_hi": 480.75,
      "wk52_lo": 368.75
    },
    "corn-dec": {
      "ticker": "ZCZ26.CBT",
      "close": 483.75,
      "open": 483.5,
      "netChange": 0.25,
      "pctChange": 0.0517,
      "wk52_hi": 498.5,
      "wk52_lo": 440.75
    },
    "beans": {
      "ticker": "ZS=F",
      "close": 1198.5,
      "open": 1199.0,
      "netChange": -0.5,
      "pctChange": -0.0417,
      "wk52_hi": 1223.25,
      "wk52_lo": 960.75
    },
    "beans-nov": {
      "ticker": "ZSX26.CBT",
      "close": 1172.5,
      "open": 1172.0,
      "netChange": 0.5,
      "pctChange": 0.0427,
      "wk52_hi": 1174.25,
      "wk52_lo": 1023.25
    },
    "wheat": {
      "ticker": "ZW=F",
      "close": 614.25,
      "open": 612.25,
      "netChange": 2.0,
      "pctChange": 0.3267,
      "wk52_hi": 635.0,
      "wk52_lo": 492.25
    },
    "oats": {
      "ticker": "ZO=F",
      "close": 338.0,
      "open": 338.75,
      "netChange": -0.75,
      "pctChange": -0.2214,
      "wk52_hi": 403.5,
      "wk52_lo": 272.0
    },
    "cattle": {
      "ticker": "LE=F",
      "close": 243.5,
      "open": 246.075,
      "netChange": -2.575,
      "pctChange": -1.0464,
      "wk52_hi": 253.6,
      "wk52_lo": 204.55
    },
    "feeders": {
      "ticker": "GF=F",
      "close": 359.025,
      "open": 361.35001,
      "netChange": -2.32501,
      "pctChange": -0.6434,
      "wk52_hi": 381.025,
      "wk52_lo": 287.25
    },
    "hogs": {
      "ticker": "HE=F",
      "close": 103.05,
      "open": 101.725,
      "netChange": 1.325,
      "pctChange": 1.3025,
      "wk52_hi": 113.7,
      "wk52_lo": 77.35
    },
    "milk": {
      "ticker": "DC=F",
      "close": 18.52,
      "open": 17.11,
      "netChange": 1.41,
      "pctChange": 8.2408,
      "wk52_hi": 18.89,
      "wk52_lo": 14.53
    },
    "meal": {
      "ticker": "ZM=F",
      "close": 323.70001,
      "open": 322.29999,
      "netChange": 1.40002,
      "pctChange": 0.4344,
      "wk52_hi": 339.6,
      "wk52_lo": 258.6
    },
    "soyoil": {
      "ticker": "ZL=F",
      "close": 71.91,
      "open": 71.84,
      "netChange": 0.07,
      "pctChange": 0.0974,
      "wk52_hi": 72.31,
      "wk52_lo": 45.74
    },
    "crude": {
      "ticker": "CL=F",
      "close": 90.03,
      "open": 89.25,
      "netChange": 0.78,
      "pctChange": 0.8739,
      "wk52_hi": 119.48,
      "wk52_lo": 54.98
    },
    "natgas": {
      "ticker": "NG=F",
      "close": 2.726,
      "open": 2.714,
      "netChange": 0.012,
      "pctChange": 0.4422,
      "wk52_hi": 7.827,
      "wk52_lo": 2.561
    },
    "gold": {
      "ticker": "GC=F",
      "close": 4777.5,
      "open": 4777.0,
      "netChange": 0.5,
      "pctChange": 0.0105,
      "wk52_hi": 5586.2002,
      "wk52_lo": 3125.0
    },
    "silver": {
      "ticker": "SI=F",
      "close": 78.105,
      "open": 78.085,
      "netChange": 0.02,
      "pctChange": 0.0256,
      "wk52_hi": 121.3,
      "wk52_lo": 31.685
    },
    "dollar": {
      "ticker": "DX=F",
      "close": 100.0,
      "open": 99.873,
      "netChange": 0.127,
      "pctChange": 0.1272
    },
    "treasury10": {
      "ticker": "^TNX",
      "close": 4.292,
      "open": 4.25,
      "netChange": 0.042,
      "pctChange": 0.9882,
      "wk52_hi": 4.629,
      "wk52_lo": 3.947
    },
    "sp500": {
      "ticker": "^GSPC",
      "close": 7064.00977,
      "open": 7109.14,
      "netChange": -45.13023,
      "pctChange": -0.6348,
      "wk52_hi": 7147.52,
      "wk52_lo": 5356.1699
    },
    "bitcoin": {
      "ticker": "BTC-USD",
      "close": 78117.3125,
      "open": 76356.0,
      "netChange": 1761.3125,
      "pctChange": 2.3067,
      "wk52_hi": 126198.0703,
      "wk52_lo": 60074.2031
    },
    "ripple": {
      "ticker": "XRP-USD",
      "close": 1.4515,
      "open": 1.4344,
      "netChange": 0.0171,
      "pctChange": 1.1921,
      "wk52_hi": 3.6502,
      "wk52_lo": 1.1335
    },
    "kaspa": {
      "ticker": "KAS-USD",
      "close": 0.03463,
      "open": 0.03425,
      "netChange": 0.00038,
      "pctChange": 1.1095,
      "wk52_hi": 0.1308,
      "wk52_lo": 0.0139
    }
  }
}