{
  "fetched": "2026-03-30T14:20:43Z",
  "ok": 21,
  "failed": 1,
  "quotes": {
    "corn": {
      "ticker": "ZC=F",
      "close": 459.0,
      "open": 463.25,
      "netChange": -4.25,
      "pctChange": -0.9174,
      "wk52_hi": 490.75,
      "wk52_lo": 368.75
    },
    "corn-dec": {
      "ticker": "ZCZ26.CBT",
      "close": 487.0,
      "open": 491.0,
      "netChange": -4.0,
      "pctChange": -0.8147,
      "wk52_hi": 498.5,
      "wk52_lo": 440.75
    },
    "beans": {
      "ticker": "ZS=F",
      "close": 1168.0,
      "open": 1163.0,
      "netChange": 5.0,
      "pctChange": 0.4299,
      "wk52_hi": 1223.25,
      "wk52_lo": 960.75
    },
    "beans-nov": {
      "ticker": "ZSX26.CBT",
      "close": 1153.5,
      "open": 1147.25,
      "netChange": 6.25,
      "pctChange": 0.5448,
      "wk52_hi": 1174.25,
      "wk52_lo": 992.0
    },
    "wheat": {
      "ticker": "ZW=F",
      "close": 606.0,
      "open": 605.5,
      "netChange": 0.5,
      "pctChange": 0.0826,
      "wk52_hi": 635.0,
      "wk52_lo": 492.25
    },
    "oats": {
      "ticker": "ZO=F",
      "close": 345.5,
      "open": 346.0,
      "netChange": -0.5,
      "pctChange": -0.1445,
      "wk52_hi": 403.5,
      "wk52_lo": 272.0
    },
    "cattle": {
      "ticker": "LE=F",
      "close": 233.22501,
      "open": 238.77499,
      "netChange": -5.54998,
      "pctChange": -2.3244,
      "wk52_hi": 247.75,
      "wk52_lo": 197.75
    },
    "feeders": {
      "ticker": "GF=F",
      "close": 344.45001,
      "open": 360.125,
      "netChange": -15.67499,
      "pctChange": -4.3527,
      "wk52_hi": 381.025,
      "wk52_lo": 273.1
    },
    "hogs": {
      "ticker": "HE=F",
      "close": 86.525,
      "open": 105.975,
      "netChange": -19.45,
      "pctChange": -18.3534,
      "wk52_hi": 113.7,
      "wk52_lo": 77.35
    },
    "milk": {
      "ticker": "DC=F",
      "close": 17.27,
      "open": 17.61,
      "netChange": -0.34,
      "pctChange": -1.9307,
      "wk52_hi": 18.89,
      "wk52_lo": 14.53
    },
    "meal": {
      "ticker": "ZM=F",
      "close": 314.5,
      "open": 314.70001,
      "netChange": -0.20001,
      "pctChange": -0.0636,
      "wk52_hi": 335.5,
      "wk52_lo": 258.6
    },
    "soyoil": {
      "ticker": "ZL=F",
      "close": 69.43,
      "open": 67.97,
      "netChange": 1.46,
      "pctChange": 2.148,
      "wk52_hi": 69.24,
      "wk52_lo": 43.83
    },
    "crude": {
      "ticker": "CL=F",
      "close": 101.99,
      "open": 101.62,
      "netChange": 0.37,
      "pctChange": 0.3641,
      "wk52_hi": 119.48,
      "wk52_lo": 54.98
    },
    "natgas": {
      "ticker": "NG=F",
      "close": 2.859,
      "open": 2.956,
      "netChange": -0.097,
      "pctChange": -3.2815,
      "wk52_hi": 7.827,
      "wk52_lo": 2.622
    },
    "gold": {
      "ticker": "GC=F",
      "close": 4559.2998,
      "open": 4528.1001,
      "netChange": 31.1997,
      "pctChange": 0.689,
      "wk52_hi": 5586.2002,
      "wk52_lo": 2949.7
    },
    "silver": {
      "ticker": "SI=F",
      "close": 70.81,
      "open": 69.95,
      "netChange": 0.86,
      "pctChange": 1.2294,
      "wk52_hi": 121.3,
      "wk52_lo": 28.31
    },
    "dollar": {
      "ticker": "DX=F",
      "close": 100.0,
      "open": 99.873,
      "netChange": 0.127,
      "pctChange": 0.1272
    },
    "treasury10": {
      "ticker": "^TNX",
      "close": 4.354,
      "open": 4.44,
      "netChange": -0.086,
      "pctChange": -1.9369,
      "wk52_hi": 4.629,
      "wk52_lo": 3.886
    },
    "sp500": {
      "ticker": "^GSPC",
      "close": 6384.18018,
      "open": 6367.77002,
      "netChange": 16.41016,
      "pctChange": 0.2577,
      "wk52_hi": 7002.2798,
      "wk52_lo": 4835.04
    },
    "bitcoin": {
      "ticker": "BTC-USD",
      "close": 67547.22656,
      "open": 65973.13281,
      "netChange": 1574.09375,
      "pctChange": 2.386,
      "wk52_hi": 126198.0703,
      "wk52_lo": 60074.2031
    },
    "ripple": {
      "ticker": "XRP-USD",
      "close": 1.34654,
      "open": 1.32738,
      "netChange": 0.01916,
      "pctChange": 1.4434,
      "wk52_hi": 3.6502,
      "wk52_lo": 1.1335
    },
    "kaspa": {
      "ticker": "KAS-USD",
      "close": 0.03266,
      "open": 0.03289,
      "netChange": -0.00023,
      "pctChange": -0.6993,
      "wk52_hi": 0.1308,
      "wk52_lo": 0.0139
    }
  }
}