{
  "fetched": "2026-04-13T15:00:02Z",
  "ok": 21,
  "failed": 1,
  "quotes": {
    "corn": {
      "ticker": "ZC=F",
      "close": 444.5,
      "open": 444.25,
      "netChange": 0.25,
      "pctChange": 0.0563,
      "wk52_hi": 490.25,
      "wk52_lo": 368.75
    },
    "corn-dec": {
      "ticker": "ZCZ26.CBT",
      "close": 474.75,
      "open": 475.5,
      "netChange": -0.75,
      "pctChange": -0.1577,
      "wk52_hi": 498.5,
      "wk52_lo": 440.75
    },
    "beans": {
      "ticker": "ZS=F",
      "close": 1167.5,
      "open": 1176.75,
      "netChange": -9.25,
      "pctChange": -0.7861,
      "wk52_hi": 1223.25,
      "wk52_lo": 960.75
    },
    "beans-nov": {
      "ticker": "ZSX26.CBT",
      "close": 1154.5,
      "open": 1160.5,
      "netChange": -6.0,
      "pctChange": -0.517,
      "wk52_hi": 1174.25,
      "wk52_lo": 1023.25
    },
    "wheat": {
      "ticker": "ZW=F",
      "close": 586.5,
      "open": 579.75,
      "netChange": 6.75,
      "pctChange": 1.1643,
      "wk52_hi": 635.0,
      "wk52_lo": 492.25
    },
    "oats": {
      "ticker": "ZO=F",
      "close": 343.75,
      "open": 334.0,
      "netChange": 9.75,
      "pctChange": 2.9192,
      "wk52_hi": 403.5,
      "wk52_lo": 272.0
    },
    "cattle": {
      "ticker": "LE=F",
      "close": 248.97501,
      "open": 249.075,
      "netChange": -0.09999,
      "pctChange": -0.0401,
      "wk52_hi": 252.25,
      "wk52_lo": 202.625
    },
    "feeders": {
      "ticker": "GF=F",
      "close": 372.20001,
      "open": 372.27499,
      "netChange": -0.07498,
      "pctChange": -0.0201,
      "wk52_hi": 381.025,
      "wk52_lo": 285.1
    },
    "hogs": {
      "ticker": "HE=F",
      "close": 102.75,
      "open": 103.55,
      "netChange": -0.8,
      "pctChange": -0.7726,
      "wk52_hi": 113.7,
      "wk52_lo": 77.35
    },
    "milk": {
      "ticker": "DC=F",
      "close": 17.03,
      "open": 17.94,
      "netChange": -0.91,
      "pctChange": -5.0725,
      "wk52_hi": 18.89,
      "wk52_lo": 14.53
    },
    "meal": {
      "ticker": "ZM=F",
      "close": 334.20001,
      "open": 332.20001,
      "netChange": 2.0,
      "pctChange": 0.602,
      "wk52_hi": 335.5,
      "wk52_lo": 258.6
    },
    "soyoil": {
      "ticker": "ZL=F",
      "close": 66.98,
      "open": 67.73,
      "netChange": -0.75,
      "pctChange": -1.1073,
      "wk52_hi": 70.49,
      "wk52_lo": 45.74
    },
    "crude": {
      "ticker": "CL=F",
      "close": 102.27,
      "open": 104.85,
      "netChange": -2.58,
      "pctChange": -2.4607,
      "wk52_hi": 119.48,
      "wk52_lo": 54.98
    },
    "natgas": {
      "ticker": "NG=F",
      "close": 2.668,
      "open": 2.671,
      "netChange": -0.003,
      "pctChange": -0.1123,
      "wk52_hi": 7.827,
      "wk52_lo": 2.622
    },
    "gold": {
      "ticker": "GC=F",
      "close": 4738.3999,
      "open": 4741.6001,
      "netChange": -3.2002,
      "pctChange": -0.0675,
      "wk52_hi": 5586.2002,
      "wk52_lo": 3125.0
    },
    "silver": {
      "ticker": "SI=F",
      "close": 74.085,
      "open": 74.475,
      "netChange": -0.39,
      "pctChange": -0.5237,
      "wk52_hi": 121.3,
      "wk52_lo": 31.685
    },
    "dollar": {
      "ticker": "DX=F",
      "close": 100.0,
      "open": 99.873,
      "netChange": 0.127,
      "pctChange": 0.1272
    },
    "treasury10": {
      "ticker": "^TNX",
      "close": 4.321,
      "open": 4.317,
      "netChange": 0.004,
      "pctChange": 0.0927,
      "wk52_hi": 4.629,
      "wk52_lo": 3.947
    },
    "sp500": {
      "ticker": "^GSPC",
      "close": 6829.22021,
      "open": 6817.8999,
      "netChange": 11.32031,
      "pctChange": 0.166,
      "wk52_hi": 7002.2798,
      "wk52_lo": 5101.6299
    },
    "bitcoin": {
      "ticker": "BTC-USD",
      "close": 72181.875,
      "open": 70726.07031,
      "netChange": 1455.80469,
      "pctChange": 2.0584,
      "wk52_hi": 126198.0703,
      "wk52_lo": 60074.2031
    },
    "ripple": {
      "ticker": "XRP-USD",
      "close": 1.34211,
      "open": 1.32502,
      "netChange": 0.01709,
      "pctChange": 1.2898,
      "wk52_hi": 3.6502,
      "wk52_lo": 1.1335
    },
    "kaspa": {
      "ticker": "KAS-USD",
      "close": 0.03238,
      "open": 0.03146,
      "netChange": 0.00092,
      "pctChange": 2.9243,
      "wk52_hi": 0.1308,
      "wk52_lo": 0.0139
    }
  }
}