{
  "fetched": "2026-04-10T19:41:20Z",
  "ok": 21,
  "failed": 1,
  "quotes": {
    "corn": {
      "ticker": "ZC=F",
      "close": 440.75,
      "open": 444.25,
      "netChange": -3.5,
      "pctChange": -0.7878,
      "wk52_hi": 490.75,
      "wk52_lo": 368.75
    },
    "corn-dec": {
      "ticker": "ZCZ26.CBT",
      "close": 471.75,
      "open": 473.75,
      "netChange": -2.0,
      "pctChange": -0.4222,
      "wk52_hi": 498.5,
      "wk52_lo": 440.75
    },
    "beans": {
      "ticker": "ZS=F",
      "close": 1174.5,
      "open": 1167.75,
      "netChange": 6.75,
      "pctChange": 0.578,
      "wk52_hi": 1223.25,
      "wk52_lo": 960.75
    },
    "beans-nov": {
      "ticker": "ZSX26.CBT",
      "close": 1156.25,
      "open": 1154.75,
      "netChange": 1.5,
      "pctChange": 0.1299,
      "wk52_hi": 1174.25,
      "wk52_lo": 1014.5
    },
    "wheat": {
      "ticker": "ZW=F",
      "close": 570.0,
      "open": 576.25,
      "netChange": -6.25,
      "pctChange": -1.0846,
      "wk52_hi": 635.0,
      "wk52_lo": 492.25
    },
    "oats": {
      "ticker": "ZO=F",
      "close": 333.75,
      "open": 334.5,
      "netChange": -0.75,
      "pctChange": -0.2242,
      "wk52_hi": 403.5,
      "wk52_lo": 272.0
    },
    "cattle": {
      "ticker": "LE=F",
      "close": 249.075,
      "open": 247.52499,
      "netChange": 1.55001,
      "pctChange": 0.6262,
      "wk52_hi": 249.95,
      "wk52_lo": 200.45
    },
    "feeders": {
      "ticker": "GF=F",
      "close": 372.27499,
      "open": 370.77499,
      "netChange": 1.5,
      "pctChange": 0.4046,
      "wk52_hi": 381.025,
      "wk52_lo": 282.325
    },
    "hogs": {
      "ticker": "HE=F",
      "close": 103.55,
      "open": 104.175,
      "netChange": -0.625,
      "pctChange": -0.6,
      "wk52_hi": 113.7,
      "wk52_lo": 77.35
    },
    "milk": {
      "ticker": "DC=F",
      "close": 17.22,
      "open": 17.05,
      "netChange": 0.17,
      "pctChange": 0.9971,
      "wk52_hi": 18.89,
      "wk52_lo": 14.53
    },
    "meal": {
      "ticker": "ZM=F",
      "close": 332.20001,
      "open": 320.39999,
      "netChange": 11.80002,
      "pctChange": 3.6829,
      "wk52_hi": 335.5,
      "wk52_lo": 258.6
    },
    "soyoil": {
      "ticker": "ZL=F",
      "close": 67.1,
      "open": 67.48,
      "netChange": -0.38,
      "pctChange": -0.5631,
      "wk52_hi": 70.49,
      "wk52_lo": 45.74
    },
    "crude": {
      "ticker": "CL=F",
      "close": 96.15,
      "open": 97.79,
      "netChange": -1.64,
      "pctChange": -1.6771,
      "wk52_hi": 119.48,
      "wk52_lo": 54.98
    },
    "natgas": {
      "ticker": "NG=F",
      "close": 2.645,
      "open": 2.668,
      "netChange": -0.023,
      "pctChange": -0.8621,
      "wk52_hi": 7.827,
      "wk52_lo": 2.622
    },
    "gold": {
      "ticker": "GC=F",
      "close": 4785.5,
      "open": 4789.1001,
      "netChange": -3.6001,
      "pctChange": -0.0752,
      "wk52_hi": 5586.2002,
      "wk52_lo": 3125.0
    },
    "silver": {
      "ticker": "SI=F",
      "close": 76.505,
      "open": 75.95,
      "netChange": 0.555,
      "pctChange": 0.7307,
      "wk52_hi": 121.3,
      "wk52_lo": 31.115
    },
    "dollar": {
      "ticker": "DX=F",
      "close": 100.0,
      "open": 99.873,
      "netChange": 0.127,
      "pctChange": 0.1272
    },
    "treasury10": {
      "ticker": "^TNX",
      "close": 4.317,
      "open": 4.293,
      "netChange": 0.024,
      "pctChange": 0.559,
      "wk52_hi": 4.629,
      "wk52_lo": 3.947
    },
    "sp500": {
      "ticker": "^GSPC",
      "close": 6812.52979,
      "open": 6823.93994,
      "netChange": -11.41015,
      "pctChange": -0.1672,
      "wk52_hi": 7002.2798,
      "wk52_lo": 5101.6299
    },
    "bitcoin": {
      "ticker": "BTC-USD",
      "close": 73002.35938,
      "open": 71771.63281,
      "netChange": 1230.72657,
      "pctChange": 1.7148,
      "wk52_hi": 126198.0703,
      "wk52_lo": 60074.2031
    },
    "ripple": {
      "ticker": "XRP-USD",
      "close": 1.36167,
      "open": 1.34423,
      "netChange": 0.01744,
      "pctChange": 1.2974,
      "wk52_hi": 3.6502,
      "wk52_lo": 1.1335
    },
    "kaspa": {
      "ticker": "KAS-USD",
      "close": 0.03382,
      "open": 0.03214,
      "netChange": 0.00168,
      "pctChange": 5.2271,
      "wk52_hi": 0.1308,
      "wk52_lo": 0.0139
    }
  }
}