{
  "fetched": "2026-04-24T20:07:46Z",
  "ok": 21,
  "failed": 1,
  "quotes": {
    "corn": {
      "ticker": "ZC=F",
      "close": 463.5,
      "open": 463.5,
      "netChange": 0.0,
      "pctChange": 0.0,
      "wk52_hi": 480.75,
      "wk52_lo": 368.75
    },
    "corn-dec": {
      "ticker": "ZCZ26.CBT",
      "close": 484.25,
      "open": 483.5,
      "netChange": 0.75,
      "pctChange": 0.1551,
      "wk52_hi": 498.5,
      "wk52_lo": 440.75
    },
    "beans": {
      "ticker": "ZS=F",
      "close": 1176.75,
      "open": 1172.75,
      "netChange": 4.0,
      "pctChange": 0.3411,
      "wk52_hi": 1223.25,
      "wk52_lo": 960.75
    },
    "beans-nov": {
      "ticker": "ZSX26.CBT",
      "close": 1154.5,
      "open": 1152.5,
      "netChange": 2.0,
      "pctChange": 0.1735,
      "wk52_hi": 1174.25,
      "wk52_lo": 1023.25
    },
    "wheat": {
      "ticker": "ZW=F",
      "close": 616.25,
      "open": 619.25,
      "netChange": -3.0,
      "pctChange": -0.4845,
      "wk52_hi": 635.0,
      "wk52_lo": 492.25
    },
    "oats": {
      "ticker": "ZO=F",
      "close": 338.25,
      "open": 335.5,
      "netChange": 2.75,
      "pctChange": 0.8197,
      "wk52_hi": 403.5,
      "wk52_lo": 272.0
    },
    "cattle": {
      "ticker": "LE=F",
      "close": 244.875,
      "open": 243.47501,
      "netChange": 1.39999,
      "pctChange": 0.575,
      "wk52_hi": 253.6,
      "wk52_lo": 204.55
    },
    "feeders": {
      "ticker": "GF=F",
      "close": 360.95001,
      "open": 359.125,
      "netChange": 1.82501,
      "pctChange": 0.5082,
      "wk52_hi": 381.025,
      "wk52_lo": 288.475
    },
    "hogs": {
      "ticker": "HE=F",
      "close": 101.9,
      "open": 103.425,
      "netChange": -1.525,
      "pctChange": -1.4745,
      "wk52_hi": 113.7,
      "wk52_lo": 77.35
    },
    "milk": {
      "ticker": "DC=F",
      "close": 18.14,
      "open": 18.01,
      "netChange": 0.13,
      "pctChange": 0.7218,
      "wk52_hi": 18.89,
      "wk52_lo": 14.53
    },
    "meal": {
      "ticker": "ZM=F",
      "close": 319.10001,
      "open": 316.60001,
      "netChange": 2.5,
      "pctChange": 0.7896,
      "wk52_hi": 339.6,
      "wk52_lo": 258.6
    },
    "soyoil": {
      "ticker": "ZL=F",
      "close": 71.24,
      "open": 70.99,
      "netChange": 0.25,
      "pctChange": 0.3522,
      "wk52_hi": 73.32,
      "wk52_lo": 45.74
    },
    "crude": {
      "ticker": "CL=F",
      "close": 94.69,
      "open": 96.62,
      "netChange": -1.93,
      "pctChange": -1.9975,
      "wk52_hi": 119.48,
      "wk52_lo": 54.98
    },
    "natgas": {
      "ticker": "NG=F",
      "close": 2.685,
      "open": 2.722,
      "netChange": -0.037,
      "pctChange": -1.3593,
      "wk52_hi": 7.827,
      "wk52_lo": 2.561
    },
    "gold": {
      "ticker": "GC=F",
      "close": 4730.7998,
      "open": 4687.5,
      "netChange": 43.2998,
      "pctChange": 0.9237,
      "wk52_hi": 5586.2002,
      "wk52_lo": 3125.0
    },
    "silver": {
      "ticker": "SI=F",
      "close": 76.005,
      "open": 74.81,
      "netChange": 1.195,
      "pctChange": 1.5974,
      "wk52_hi": 121.3,
      "wk52_lo": 31.685
    },
    "dollar": {
      "ticker": "DX=F",
      "close": 100.0,
      "open": 99.873,
      "netChange": 0.127,
      "pctChange": 0.1272
    },
    "treasury10": {
      "ticker": "^TNX",
      "close": 4.31,
      "open": 4.323,
      "netChange": -0.013,
      "pctChange": -0.3007,
      "wk52_hi": 4.629,
      "wk52_lo": 3.947
    },
    "sp500": {
      "ticker": "^GSPC",
      "close": 7165.08008,
      "open": 7108.4,
      "netChange": 56.68008,
      "pctChange": 0.7974,
      "wk52_hi": 7147.7798,
      "wk52_lo": 5433.2402
    },
    "bitcoin": {
      "ticker": "BTC-USD",
      "close": 77604.64844,
      "open": 78281.32031,
      "netChange": -676.67187,
      "pctChange": -0.8644,
      "wk52_hi": 126198.0703,
      "wk52_lo": 60074.2031
    },
    "ripple": {
      "ticker": "XRP-USD",
      "close": 1.4395,
      "open": 1.4393,
      "netChange": 0.0002,
      "pctChange": 0.0139,
      "wk52_hi": 3.6502,
      "wk52_lo": 1.1335
    },
    "kaspa": {
      "ticker": "KAS-USD",
      "close": 0.03382,
      "open": 0.03436,
      "netChange": -0.00054,
      "pctChange": -1.5716,
      "wk52_hi": 0.1308,
      "wk52_lo": 0.0139
    }
  }
}