{
  "fetched": "2026-04-16T16:54:21Z",
  "ok": 21,
  "failed": 1,
  "quotes": {
    "corn": {
      "ticker": "ZC=F",
      "close": 459.25,
      "open": 451.5,
      "netChange": 7.75,
      "pctChange": 1.7165,
      "wk52_hi": 487.25,
      "wk52_lo": 368.75
    },
    "corn-dec": {
      "ticker": "ZCZ26.CBT",
      "close": 478.75,
      "open": 479.0,
      "netChange": -0.25,
      "pctChange": -0.0522,
      "wk52_hi": 498.5,
      "wk52_lo": 440.75
    },
    "beans": {
      "ticker": "ZS=F",
      "close": 1168.25,
      "open": 1166.75,
      "netChange": 1.5,
      "pctChange": 0.1286,
      "wk52_hi": 1223.25,
      "wk52_lo": 960.75
    },
    "beans-nov": {
      "ticker": "ZSX26.CBT",
      "close": 1159.75,
      "open": 1155.0,
      "netChange": 4.75,
      "pctChange": 0.4113,
      "wk52_hi": 1174.25,
      "wk52_lo": 1023.25
    },
    "wheat": {
      "ticker": "ZW=F",
      "close": 608.25,
      "open": 602.25,
      "netChange": 6.0,
      "pctChange": 0.9963,
      "wk52_hi": 635.0,
      "wk52_lo": 492.25
    },
    "oats": {
      "ticker": "ZO=F",
      "close": 342.5,
      "open": 347.25,
      "netChange": -4.75,
      "pctChange": -1.3679,
      "wk52_hi": 403.5,
      "wk52_lo": 272.0
    },
    "cattle": {
      "ticker": "LE=F",
      "close": 248.27499,
      "open": 251.22501,
      "netChange": -2.95002,
      "pctChange": -1.1743,
      "wk52_hi": 253.6,
      "wk52_lo": 204.55
    },
    "feeders": {
      "ticker": "GF=F",
      "close": 367.22501,
      "open": 372.07501,
      "netChange": -4.85,
      "pctChange": -1.3035,
      "wk52_hi": 381.025,
      "wk52_lo": 285.1
    },
    "hogs": {
      "ticker": "HE=F",
      "close": 101.825,
      "open": 101.825,
      "netChange": 0.0,
      "pctChange": 0.0,
      "wk52_hi": 113.7,
      "wk52_lo": 77.35
    },
    "milk": {
      "ticker": "DC=F",
      "close": 17.08,
      "open": 18.28,
      "netChange": -1.2,
      "pctChange": -6.5646,
      "wk52_hi": 18.89,
      "wk52_lo": 14.53
    },
    "meal": {
      "ticker": "ZM=F",
      "close": 328.29999,
      "open": 329.79999,
      "netChange": -1.5,
      "pctChange": -0.4548,
      "wk52_hi": 339.6,
      "wk52_lo": 258.6
    },
    "soyoil": {
      "ticker": "ZL=F",
      "close": 69.22,
      "open": 67.63,
      "netChange": 1.59,
      "pctChange": 2.351,
      "wk52_hi": 70.49,
      "wk52_lo": 45.74
    },
    "crude": {
      "ticker": "CL=F",
      "close": 91.03,
      "open": 91.73,
      "netChange": -0.7,
      "pctChange": -0.7631,
      "wk52_hi": 119.48,
      "wk52_lo": 54.98
    },
    "natgas": {
      "ticker": "NG=F",
      "close": 2.645,
      "open": 2.593,
      "netChange": 0.052,
      "pctChange": 2.0054,
      "wk52_hi": 7.827,
      "wk52_lo": 2.561
    },
    "gold": {
      "ticker": "GC=F",
      "close": 4811.1001,
      "open": 4847.7002,
      "netChange": -36.6001,
      "pctChange": -0.755,
      "wk52_hi": 5586.2002,
      "wk52_lo": 3125.0
    },
    "silver": {
      "ticker": "SI=F",
      "close": 78.66,
      "open": 80.61,
      "netChange": -1.95,
      "pctChange": -2.4191,
      "wk52_hi": 121.3,
      "wk52_lo": 31.685
    },
    "dollar": {
      "ticker": "DX=F",
      "close": 100.0,
      "open": 99.873,
      "netChange": 0.127,
      "pctChange": 0.1272
    },
    "treasury10": {
      "ticker": "^TNX",
      "close": 4.301,
      "open": 4.282,
      "netChange": 0.019,
      "pctChange": 0.4437,
      "wk52_hi": 4.629,
      "wk52_lo": 3.947
    },
    "sp500": {
      "ticker": "^GSPC",
      "close": 7033.0,
      "open": 7022.1001,
      "netChange": 10.8999,
      "pctChange": 0.1552,
      "wk52_hi": 7026.2402,
      "wk52_lo": 5101.6299
    },
    "bitcoin": {
      "ticker": "BTC-USD",
      "close": 74161.07031,
      "open": 74827.02344,
      "netChange": -665.95313,
      "pctChange": -0.89,
      "wk52_hi": 126198.0703,
      "wk52_lo": 60074.2031
    },
    "ripple": {
      "ticker": "XRP-USD",
      "close": 1.4179,
      "open": 1.3918,
      "netChange": 0.0261,
      "pctChange": 1.8753,
      "wk52_hi": 3.6502,
      "wk52_lo": 1.1335
    },
    "kaspa": {
      "ticker": "KAS-USD",
      "close": 0.03341,
      "open": 0.03313,
      "netChange": 0.00028,
      "pctChange": 0.8452,
      "wk52_hi": 0.1308,
      "wk52_lo": 0.0139
    }
  }
}