{
  "fetched": "2026-04-17T12:11:05Z",
  "ok": 21,
  "failed": 1,
  "quotes": {
    "corn": {
      "ticker": "ZC=F",
      "close": 458.5,
      "open": 458.75,
      "netChange": -0.25,
      "pctChange": -0.0545,
      "wk52_hi": 487.25,
      "wk52_lo": 368.75
    },
    "corn-dec": {
      "ticker": "ZCZ26.CBT",
      "close": 476.25,
      "open": 477.0,
      "netChange": -0.75,
      "pctChange": -0.1572,
      "wk52_hi": 498.5,
      "wk52_lo": 440.75
    },
    "beans": {
      "ticker": "ZS=F",
      "close": 1159.25,
      "open": 1163.0,
      "netChange": -3.75,
      "pctChange": -0.3224,
      "wk52_hi": 1223.25,
      "wk52_lo": 960.75
    },
    "beans-nov": {
      "ticker": "ZSX26.CBT",
      "close": 1151.75,
      "open": 1154.5,
      "netChange": -2.75,
      "pctChange": -0.2382,
      "wk52_hi": 1174.25,
      "wk52_lo": 1023.25
    },
    "wheat": {
      "ticker": "ZW=F",
      "close": 608.25,
      "open": 606.75,
      "netChange": 1.5,
      "pctChange": 0.2472,
      "wk52_hi": 635.0,
      "wk52_lo": 492.25
    },
    "oats": {
      "ticker": "ZO=F",
      "close": 348.5,
      "open": 342.75,
      "netChange": 5.75,
      "pctChange": 1.6776,
      "wk52_hi": 403.5,
      "wk52_lo": 272.0
    },
    "cattle": {
      "ticker": "LE=F",
      "close": 247.6,
      "open": 251.22501,
      "netChange": -3.62501,
      "pctChange": -1.4429,
      "wk52_hi": 253.6,
      "wk52_lo": 204.55
    },
    "feeders": {
      "ticker": "GF=F",
      "close": 368.35,
      "open": 372.07501,
      "netChange": -3.72501,
      "pctChange": -1.0011,
      "wk52_hi": 381.025,
      "wk52_lo": 285.1
    },
    "hogs": {
      "ticker": "HE=F",
      "close": 101.7,
      "open": 101.825,
      "netChange": -0.125,
      "pctChange": -0.1228,
      "wk52_hi": 113.7,
      "wk52_lo": 77.35
    },
    "milk": {
      "ticker": "DC=F",
      "close": 17.03,
      "open": 17.07,
      "netChange": -0.04,
      "pctChange": -0.2343,
      "wk52_hi": 18.89,
      "wk52_lo": 14.53
    },
    "meal": {
      "ticker": "ZM=F",
      "close": 326.60001,
      "open": 327.89999,
      "netChange": -1.29998,
      "pctChange": -0.3965,
      "wk52_hi": 339.6,
      "wk52_lo": 258.6
    },
    "soyoil": {
      "ticker": "ZL=F",
      "close": 68.62,
      "open": 68.87,
      "netChange": -0.25,
      "pctChange": -0.363,
      "wk52_hi": 70.49,
      "wk52_lo": 45.74
    },
    "crude": {
      "ticker": "CL=F",
      "close": 87.74,
      "open": 89.83,
      "netChange": -2.09,
      "pctChange": -2.3266,
      "wk52_hi": 119.48,
      "wk52_lo": 54.98
    },
    "natgas": {
      "ticker": "NG=F",
      "close": 2.694,
      "open": 2.658,
      "netChange": 0.036,
      "pctChange": 1.3544,
      "wk52_hi": 7.827,
      "wk52_lo": 2.561
    },
    "gold": {
      "ticker": "GC=F",
      "close": 4822.8999,
      "open": 4814.1001,
      "netChange": 8.7998,
      "pctChange": 0.1828,
      "wk52_hi": 5586.2002,
      "wk52_lo": 3125.0
    },
    "silver": {
      "ticker": "SI=F",
      "close": 79.78,
      "open": 78.99,
      "netChange": 0.79,
      "pctChange": 1.0001,
      "wk52_hi": 121.3,
      "wk52_lo": 31.685
    },
    "dollar": {
      "ticker": "DX=F",
      "close": 100.0,
      "open": 99.873,
      "netChange": 0.127,
      "pctChange": 0.1272
    },
    "treasury10": {
      "ticker": "^TNX",
      "close": 4.309,
      "open": 4.282,
      "netChange": 0.027,
      "pctChange": 0.6305,
      "wk52_hi": 4.629,
      "wk52_lo": 3.947
    },
    "sp500": {
      "ticker": "^GSPC",
      "close": 7041.27979,
      "open": 7022.95,
      "netChange": 18.32979,
      "pctChange": 0.261,
      "wk52_hi": 7051.23,
      "wk52_lo": 5101.6299
    },
    "bitcoin": {
      "ticker": "BTC-USD",
      "close": 75652.5,
      "open": 75183.64844,
      "netChange": 468.85156,
      "pctChange": 0.6236,
      "wk52_hi": 126198.0703,
      "wk52_lo": 60074.2031
    },
    "ripple": {
      "ticker": "XRP-USD",
      "close": 1.4479,
      "open": 1.4535,
      "netChange": -0.0056,
      "pctChange": -0.3853,
      "wk52_hi": 3.6502,
      "wk52_lo": 1.1335
    },
    "kaspa": {
      "ticker": "KAS-USD",
      "close": 0.036,
      "open": 0.03407,
      "netChange": 0.00193,
      "pctChange": 5.6648,
      "wk52_hi": 0.1308,
      "wk52_lo": 0.0139
    }
  }
}