{
  "fetched": "2026-04-16T15:23:44Z",
  "ok": 21,
  "failed": 1,
  "quotes": {
    "corn": {
      "ticker": "ZC=F",
      "close": 449.75,
      "open": 451.5,
      "netChange": -1.75,
      "pctChange": -0.3876,
      "wk52_hi": 487.25,
      "wk52_lo": 368.75
    },
    "corn-dec": {
      "ticker": "ZCZ26.CBT",
      "close": 479.0,
      "open": 479.0,
      "netChange": 0.0,
      "pctChange": 0.0,
      "wk52_hi": 498.5,
      "wk52_lo": 440.75
    },
    "beans": {
      "ticker": "ZS=F",
      "close": 1165.0,
      "open": 1166.75,
      "netChange": -1.75,
      "pctChange": -0.15,
      "wk52_hi": 1223.25,
      "wk52_lo": 960.75
    },
    "beans-nov": {
      "ticker": "ZSX26.CBT",
      "close": 1157.25,
      "open": 1155.0,
      "netChange": 2.25,
      "pctChange": 0.1948,
      "wk52_hi": 1174.25,
      "wk52_lo": 1023.25
    },
    "wheat": {
      "ticker": "ZW=F",
      "close": 612.75,
      "open": 602.25,
      "netChange": 10.5,
      "pctChange": 1.7435,
      "wk52_hi": 635.0,
      "wk52_lo": 492.25
    },
    "oats": {
      "ticker": "ZO=F",
      "close": 343.75,
      "open": 347.25,
      "netChange": -3.5,
      "pctChange": -1.0079,
      "wk52_hi": 403.5,
      "wk52_lo": 272.0
    },
    "cattle": {
      "ticker": "LE=F",
      "close": 247.875,
      "open": 251.22501,
      "netChange": -3.35001,
      "pctChange": -1.3335,
      "wk52_hi": 253.6,
      "wk52_lo": 204.55
    },
    "feeders": {
      "ticker": "GF=F",
      "close": 368.22501,
      "open": 372.07501,
      "netChange": -3.85,
      "pctChange": -1.0347,
      "wk52_hi": 381.025,
      "wk52_lo": 285.1
    },
    "hogs": {
      "ticker": "HE=F",
      "close": 101.725,
      "open": 101.825,
      "netChange": -0.1,
      "pctChange": -0.0982,
      "wk52_hi": 113.7,
      "wk52_lo": 77.35
    },
    "milk": {
      "ticker": "DC=F",
      "close": 17.36,
      "open": 18.28,
      "netChange": -0.92,
      "pctChange": -5.0328,
      "wk52_hi": 18.89,
      "wk52_lo": 14.53
    },
    "meal": {
      "ticker": "ZM=F",
      "close": 328.20001,
      "open": 329.79999,
      "netChange": -1.59998,
      "pctChange": -0.4851,
      "wk52_hi": 339.6,
      "wk52_lo": 258.6
    },
    "soyoil": {
      "ticker": "ZL=F",
      "close": 68.75,
      "open": 67.63,
      "netChange": 1.12,
      "pctChange": 1.6561,
      "wk52_hi": 70.49,
      "wk52_lo": 45.74
    },
    "crude": {
      "ticker": "CL=F",
      "close": 90.07,
      "open": 91.73,
      "netChange": -1.66,
      "pctChange": -1.8097,
      "wk52_hi": 119.48,
      "wk52_lo": 54.98
    },
    "natgas": {
      "ticker": "NG=F",
      "close": 2.649,
      "open": 2.593,
      "netChange": 0.056,
      "pctChange": 2.1597,
      "wk52_hi": 7.827,
      "wk52_lo": 2.561
    },
    "gold": {
      "ticker": "GC=F",
      "close": 4828.3999,
      "open": 4847.7002,
      "netChange": -19.3003,
      "pctChange": -0.3981,
      "wk52_hi": 5586.2002,
      "wk52_lo": 3125.0
    },
    "silver": {
      "ticker": "SI=F",
      "close": 79.035,
      "open": 80.61,
      "netChange": -1.575,
      "pctChange": -1.9539,
      "wk52_hi": 121.3,
      "wk52_lo": 31.685
    },
    "dollar": {
      "ticker": "DX=F",
      "close": 100.0,
      "open": 99.873,
      "netChange": 0.127,
      "pctChange": 0.1272
    },
    "treasury10": {
      "ticker": "^TNX",
      "close": 4.289,
      "open": 4.282,
      "netChange": 0.007,
      "pctChange": 0.1635,
      "wk52_hi": 4.629,
      "wk52_lo": 3.947
    },
    "sp500": {
      "ticker": "^GSPC",
      "close": 7040.3999,
      "open": 7022.1001,
      "netChange": 18.2998,
      "pctChange": 0.2606,
      "wk52_hi": 7026.2402,
      "wk52_lo": 5101.6299
    },
    "bitcoin": {
      "ticker": "BTC-USD",
      "close": 74335.04688,
      "open": 74827.02344,
      "netChange": -491.97656,
      "pctChange": -0.6575,
      "wk52_hi": 126198.0703,
      "wk52_lo": 60074.2031
    },
    "ripple": {
      "ticker": "XRP-USD",
      "close": 1.4236,
      "open": 1.3918,
      "netChange": 0.0318,
      "pctChange": 2.2848,
      "wk52_hi": 3.6502,
      "wk52_lo": 1.1335
    },
    "kaspa": {
      "ticker": "KAS-USD",
      "close": 0.03327,
      "open": 0.03313,
      "netChange": 0.00014,
      "pctChange": 0.4226,
      "wk52_hi": 0.1308,
      "wk52_lo": 0.0139
    }
  }
}