{
  "fetched": "2026-04-24T11:54:54Z",
  "ok": 21,
  "failed": 1,
  "quotes": {
    "corn": {
      "ticker": "ZC=F",
      "close": 464.75,
      "open": 463.5,
      "netChange": 1.25,
      "pctChange": 0.2697,
      "wk52_hi": 480.75,
      "wk52_lo": 368.75
    },
    "corn-dec": {
      "ticker": "ZCZ26.CBT",
      "close": 484.25,
      "open": 483.5,
      "netChange": 0.75,
      "pctChange": 0.1551,
      "wk52_hi": 498.5,
      "wk52_lo": 440.75
    },
    "beans": {
      "ticker": "ZS=F",
      "close": 1175.25,
      "open": 1172.75,
      "netChange": 2.5,
      "pctChange": 0.2132,
      "wk52_hi": 1223.25,
      "wk52_lo": 960.75
    },
    "beans-nov": {
      "ticker": "ZSX26.CBT",
      "close": 1153.75,
      "open": 1152.5,
      "netChange": 1.25,
      "pctChange": 0.1085,
      "wk52_hi": 1174.25,
      "wk52_lo": 1023.25
    },
    "wheat": {
      "ticker": "ZW=F",
      "close": 617.75,
      "open": 619.25,
      "netChange": -1.5,
      "pctChange": -0.2422,
      "wk52_hi": 635.0,
      "wk52_lo": 492.25
    },
    "oats": {
      "ticker": "ZO=F",
      "close": 335.75,
      "open": 335.5,
      "netChange": 0.25,
      "pctChange": 0.0745,
      "wk52_hi": 403.5,
      "wk52_lo": 272.0
    },
    "cattle": {
      "ticker": "LE=F",
      "close": 243.475,
      "open": 243.22501,
      "netChange": 0.24999,
      "pctChange": 0.1028,
      "wk52_hi": 253.6,
      "wk52_lo": 204.55
    },
    "feeders": {
      "ticker": "GF=F",
      "close": 359.125,
      "open": 359.0,
      "netChange": 0.125,
      "pctChange": 0.0348,
      "wk52_hi": 381.025,
      "wk52_lo": 288.475
    },
    "hogs": {
      "ticker": "HE=F",
      "close": 103.425,
      "open": 102.5,
      "netChange": 0.925,
      "pctChange": 0.9024,
      "wk52_hi": 113.7,
      "wk52_lo": 77.35
    },
    "milk": {
      "ticker": "DC=F",
      "close": 16.86,
      "open": 18.01,
      "netChange": -1.15,
      "pctChange": -6.3853,
      "wk52_hi": 18.89,
      "wk52_lo": 14.53
    },
    "meal": {
      "ticker": "ZM=F",
      "close": 317.20001,
      "open": 316.60001,
      "netChange": 0.6,
      "pctChange": 0.1895,
      "wk52_hi": 339.6,
      "wk52_lo": 258.6
    },
    "soyoil": {
      "ticker": "ZL=F",
      "close": 71.02,
      "open": 70.99,
      "netChange": 0.03,
      "pctChange": 0.0423,
      "wk52_hi": 73.32,
      "wk52_lo": 45.74
    },
    "crude": {
      "ticker": "CL=F",
      "close": 94.6,
      "open": 96.62,
      "netChange": -2.02,
      "pctChange": -2.0907,
      "wk52_hi": 119.48,
      "wk52_lo": 54.98
    },
    "natgas": {
      "ticker": "NG=F",
      "close": 2.695,
      "open": 2.722,
      "netChange": -0.027,
      "pctChange": -0.9919,
      "wk52_hi": 7.827,
      "wk52_lo": 2.561
    },
    "gold": {
      "ticker": "GC=F",
      "close": 4721.1001,
      "open": 4687.5,
      "netChange": 33.6001,
      "pctChange": 0.7168,
      "wk52_hi": 5586.2002,
      "wk52_lo": 3125.0
    },
    "silver": {
      "ticker": "SI=F",
      "close": 75.835,
      "open": 74.81,
      "netChange": 1.025,
      "pctChange": 1.3701,
      "wk52_hi": 121.3,
      "wk52_lo": 31.685
    },
    "dollar": {
      "ticker": "DX=F",
      "close": 100.0,
      "open": 99.873,
      "netChange": 0.127,
      "pctChange": 0.1272
    },
    "treasury10": {
      "ticker": "^TNX",
      "close": 4.323,
      "open": 4.294,
      "netChange": 0.029,
      "pctChange": 0.6754,
      "wk52_hi": 4.629,
      "wk52_lo": 3.947
    },
    "sp500": {
      "ticker": "^GSPC",
      "close": 7108.3999,
      "open": 7137.9,
      "netChange": -29.5001,
      "pctChange": -0.4133,
      "wk52_hi": 7147.7798,
      "wk52_lo": 5433.2402
    },
    "bitcoin": {
      "ticker": "BTC-USD",
      "close": 78226.03906,
      "open": 78281.32031,
      "netChange": -55.28125,
      "pctChange": -0.0706,
      "wk52_hi": 126198.0703,
      "wk52_lo": 60074.2031
    },
    "ripple": {
      "ticker": "XRP-USD",
      "close": 1.4374,
      "open": 1.4393,
      "netChange": -0.0019,
      "pctChange": -0.132,
      "wk52_hi": 3.6502,
      "wk52_lo": 1.1335
    },
    "kaspa": {
      "ticker": "KAS-USD",
      "close": 0.03382,
      "open": 0.03436,
      "netChange": -0.00054,
      "pctChange": -1.5716,
      "wk52_hi": 0.1308,
      "wk52_lo": 0.0139
    }
  }
}