{
  "fetched": "2026-04-14T19:08:44Z",
  "ok": 21,
  "failed": 1,
  "quotes": {
    "corn": {
      "ticker": "ZC=F",
      "close": 443.0,
      "open": 442.5,
      "netChange": 0.5,
      "pctChange": 0.113,
      "wk52_hi": 488.75,
      "wk52_lo": 368.75
    },
    "corn-dec": {
      "ticker": "ZCZ26.CBT",
      "close": 470.5,
      "open": 473.0,
      "netChange": -2.5,
      "pctChange": -0.5285,
      "wk52_hi": 498.5,
      "wk52_lo": 440.75
    },
    "beans": {
      "ticker": "ZS=F",
      "close": 1156.5,
      "open": 1162.5,
      "netChange": -6.0,
      "pctChange": -0.5161,
      "wk52_hi": 1223.25,
      "wk52_lo": 960.75
    },
    "beans-nov": {
      "ticker": "ZSX26.CBT",
      "close": 1142.25,
      "open": 1150.0,
      "netChange": -7.75,
      "pctChange": -0.6739,
      "wk52_hi": 1174.25,
      "wk52_lo": 1023.25
    },
    "wheat": {
      "ticker": "ZW=F",
      "close": 602.25,
      "open": 583.25,
      "netChange": 19.0,
      "pctChange": 3.2576,
      "wk52_hi": 635.0,
      "wk52_lo": 492.25
    },
    "oats": {
      "ticker": "ZO=F",
      "close": 344.25,
      "open": 339.0,
      "netChange": 5.25,
      "pctChange": 1.5487,
      "wk52_hi": 403.5,
      "wk52_lo": 272.0
    },
    "cattle": {
      "ticker": "LE=F",
      "close": 251.35001,
      "open": 248.7,
      "netChange": 2.65001,
      "pctChange": 1.0655,
      "wk52_hi": 252.25,
      "wk52_lo": 203.95
    },
    "feeders": {
      "ticker": "GF=F",
      "close": 374.375,
      "open": 373.82501,
      "netChange": 0.54999,
      "pctChange": 0.1471,
      "wk52_hi": 381.025,
      "wk52_lo": 285.1
    },
    "hogs": {
      "ticker": "HE=F",
      "close": 102.475,
      "open": 102.975,
      "netChange": -0.5,
      "pctChange": -0.4856,
      "wk52_hi": 113.7,
      "wk52_lo": 77.35
    },
    "milk": {
      "ticker": "DC=F",
      "close": 18.06,
      "open": 17.21,
      "netChange": 0.85,
      "pctChange": 4.939,
      "wk52_hi": 18.89,
      "wk52_lo": 14.53
    },
    "meal": {
      "ticker": "ZM=F",
      "close": 326.79999,
      "open": 334.70001,
      "netChange": -7.90002,
      "pctChange": -2.3603,
      "wk52_hi": 336.3,
      "wk52_lo": 258.6
    },
    "soyoil": {
      "ticker": "ZL=F",
      "close": 66.14,
      "open": 65.87,
      "netChange": 0.27,
      "pctChange": 0.4099,
      "wk52_hi": 70.49,
      "wk52_lo": 45.74
    },
    "crude": {
      "ticker": "CL=F",
      "close": 91.78,
      "open": 96.95,
      "netChange": -5.17,
      "pctChange": -5.3326,
      "wk52_hi": 119.48,
      "wk52_lo": 54.98
    },
    "natgas": {
      "ticker": "NG=F",
      "close": 2.604,
      "open": 2.607,
      "netChange": -0.003,
      "pctChange": -0.1151,
      "wk52_hi": 7.827,
      "wk52_lo": 2.615
    },
    "gold": {
      "ticker": "GC=F",
      "close": 4860.2998,
      "open": 4792.2998,
      "netChange": 68.0,
      "pctChange": 1.4189,
      "wk52_hi": 5586.2002,
      "wk52_lo": 3125.0
    },
    "silver": {
      "ticker": "SI=F",
      "close": 79.37,
      "open": 77.07,
      "netChange": 2.3,
      "pctChange": 2.9843,
      "wk52_hi": 121.3,
      "wk52_lo": 31.685
    },
    "dollar": {
      "ticker": "DX=F",
      "close": 100.0,
      "open": 99.873,
      "netChange": 0.127,
      "pctChange": 0.1272
    },
    "treasury10": {
      "ticker": "^TNX",
      "close": 4.258,
      "open": 4.297,
      "netChange": -0.039,
      "pctChange": -0.9076,
      "wk52_hi": 4.629,
      "wk52_lo": 3.947
    },
    "sp500": {
      "ticker": "^GSPC",
      "close": 6957.45996,
      "open": 6885.91016,
      "netChange": 71.5498,
      "pctChange": 1.0391,
      "wk52_hi": 7002.2798,
      "wk52_lo": 5101.6299
    },
    "bitcoin": {
      "ticker": "BTC-USD",
      "close": 74342.92969,
      "open": 74532.74219,
      "netChange": -189.8125,
      "pctChange": -0.2547,
      "wk52_hi": 126198.0703,
      "wk52_lo": 60074.2031
    },
    "ripple": {
      "ticker": "XRP-USD",
      "close": 1.35664,
      "open": 1.37673,
      "netChange": -0.02009,
      "pctChange": -1.4593,
      "wk52_hi": 3.6502,
      "wk52_lo": 1.1335
    },
    "kaspa": {
      "ticker": "KAS-USD",
      "close": 0.03245,
      "open": 0.03303,
      "netChange": -0.00058,
      "pctChange": -1.756,
      "wk52_hi": 0.1308,
      "wk52_lo": 0.0139
    }
  }
}