{
  "fetched": "2026-04-23T16:58:58Z",
  "ok": 21,
  "failed": 1,
  "quotes": {
    "corn": {
      "ticker": "ZC=F",
      "close": 462.0,
      "open": 462.75,
      "netChange": -0.75,
      "pctChange": -0.1621,
      "wk52_hi": 480.75,
      "wk52_lo": 368.75
    },
    "corn-dec": {
      "ticker": "ZCZ26.CBT",
      "close": 482.5,
      "open": 482.25,
      "netChange": 0.25,
      "pctChange": 0.0518,
      "wk52_hi": 498.5,
      "wk52_lo": 440.75
    },
    "beans": {
      "ticker": "ZS=F",
      "close": 1173.0,
      "open": 1180.75,
      "netChange": -7.75,
      "pctChange": -0.6564,
      "wk52_hi": 1223.25,
      "wk52_lo": 960.75
    },
    "beans-nov": {
      "ticker": "ZSX26.CBT",
      "close": 1153.75,
      "open": 1157.75,
      "netChange": -4.0,
      "pctChange": -0.3455,
      "wk52_hi": 1174.25,
      "wk52_lo": 1023.25
    },
    "wheat": {
      "ticker": "ZW=F",
      "close": 613.5,
      "open": 611.25,
      "netChange": 2.25,
      "pctChange": 0.3681,
      "wk52_hi": 635.0,
      "wk52_lo": 492.25
    },
    "oats": {
      "ticker": "ZO=F",
      "close": 337.25,
      "open": 333.25,
      "netChange": 4.0,
      "pctChange": 1.2003,
      "wk52_hi": 403.5,
      "wk52_lo": 272.0
    },
    "cattle": {
      "ticker": "LE=F",
      "close": 243.425,
      "open": 243.22501,
      "netChange": 0.19999,
      "pctChange": 0.0822,
      "wk52_hi": 253.6,
      "wk52_lo": 204.55
    },
    "feeders": {
      "ticker": "GF=F",
      "close": 359.625,
      "open": 359.0,
      "netChange": 0.625,
      "pctChange": 0.1741,
      "wk52_hi": 381.025,
      "wk52_lo": 287.925
    },
    "hogs": {
      "ticker": "HE=F",
      "close": 103.225,
      "open": 102.5,
      "netChange": 0.725,
      "pctChange": 0.7073,
      "wk52_hi": 113.7,
      "wk52_lo": 77.35
    },
    "milk": {
      "ticker": "DC=F",
      "close": 18.01,
      "open": 17.45,
      "netChange": 0.56,
      "pctChange": 3.2092,
      "wk52_hi": 18.89,
      "wk52_lo": 14.53
    },
    "meal": {
      "ticker": "ZM=F",
      "close": 317.29999,
      "open": 316.89999,
      "netChange": 0.4,
      "pctChange": 0.1262,
      "wk52_hi": 339.6,
      "wk52_lo": 258.6
    },
    "soyoil": {
      "ticker": "ZL=F",
      "close": 70.37,
      "open": 71.09,
      "netChange": -0.72,
      "pctChange": -1.0128,
      "wk52_hi": 73.32,
      "wk52_lo": 45.74
    },
    "crude": {
      "ticker": "CL=F",
      "close": 94.09,
      "open": 94.55,
      "netChange": -0.46,
      "pctChange": -0.4865,
      "wk52_hi": 119.48,
      "wk52_lo": 54.98
    },
    "natgas": {
      "ticker": "NG=F",
      "close": 2.714,
      "open": 2.721,
      "netChange": -0.007,
      "pctChange": -0.2573,
      "wk52_hi": 7.827,
      "wk52_lo": 2.561
    },
    "gold": {
      "ticker": "GC=F",
      "close": 4751.6001,
      "open": 4720.0,
      "netChange": 31.6001,
      "pctChange": 0.6695,
      "wk52_hi": 5586.2002,
      "wk52_lo": 3125.0
    },
    "silver": {
      "ticker": "SI=F",
      "close": 76.475,
      "open": 76.07,
      "netChange": 0.405,
      "pctChange": 0.5324,
      "wk52_hi": 121.3,
      "wk52_lo": 31.685
    },
    "dollar": {
      "ticker": "DX=F",
      "close": 100.0,
      "open": 99.873,
      "netChange": 0.127,
      "pctChange": 0.1272
    },
    "treasury10": {
      "ticker": "^TNX",
      "close": 4.296,
      "open": 4.294,
      "netChange": 0.002,
      "pctChange": 0.0466,
      "wk52_hi": 4.629,
      "wk52_lo": 3.947
    },
    "sp500": {
      "ticker": "^GSPC",
      "close": 7131.35986,
      "open": 7137.12012,
      "netChange": -5.76026,
      "pctChange": -0.0807,
      "wk52_hi": 7147.52,
      "wk52_lo": 5371.96
    },
    "bitcoin": {
      "ticker": "BTC-USD",
      "close": 78120.57031,
      "open": 78208.54688,
      "netChange": -87.97657,
      "pctChange": -0.1125,
      "wk52_hi": 126198.0703,
      "wk52_lo": 60074.2031
    },
    "ripple": {
      "ticker": "XRP-USD",
      "close": 1.4298,
      "open": 1.4297,
      "netChange": 0.0001,
      "pctChange": 0.007,
      "wk52_hi": 3.6502,
      "wk52_lo": 1.1335
    },
    "kaspa": {
      "ticker": "KAS-USD",
      "close": 0.03382,
      "open": 0.03436,
      "netChange": -0.00054,
      "pctChange": -1.5716,
      "wk52_hi": 0.1308,
      "wk52_lo": 0.0139
    }
  }
}