{
  "fetched": "2026-04-22T15:09:13Z",
  "ok": 21,
  "failed": 1,
  "quotes": {
    "corn": {
      "ticker": "ZC=F",
      "close": 465.0,
      "open": 463.75,
      "netChange": 1.25,
      "pctChange": 0.2695,
      "wk52_hi": 480.75,
      "wk52_lo": 368.75
    },
    "corn-dec": {
      "ticker": "ZCZ26.CBT",
      "close": 484.5,
      "open": 483.5,
      "netChange": 1.0,
      "pctChange": 0.2068,
      "wk52_hi": 498.5,
      "wk52_lo": 440.75
    },
    "beans": {
      "ticker": "ZS=F",
      "close": 1191.75,
      "open": 1199.0,
      "netChange": -7.25,
      "pctChange": -0.6047,
      "wk52_hi": 1223.25,
      "wk52_lo": 960.75
    },
    "beans-nov": {
      "ticker": "ZSX26.CBT",
      "close": 1167.25,
      "open": 1172.0,
      "netChange": -4.75,
      "pctChange": -0.4053,
      "wk52_hi": 1174.25,
      "wk52_lo": 1023.25
    },
    "wheat": {
      "ticker": "ZW=F",
      "close": 613.5,
      "open": 612.25,
      "netChange": 1.25,
      "pctChange": 0.2042,
      "wk52_hi": 635.0,
      "wk52_lo": 492.25
    },
    "oats": {
      "ticker": "ZO=F",
      "close": 339.75,
      "open": 338.75,
      "netChange": 1.0,
      "pctChange": 0.2952,
      "wk52_hi": 403.5,
      "wk52_lo": 272.0
    },
    "cattle": {
      "ticker": "LE=F",
      "close": 242.85001,
      "open": 243.5,
      "netChange": -0.64999,
      "pctChange": -0.2669,
      "wk52_hi": 253.6,
      "wk52_lo": 204.55
    },
    "feeders": {
      "ticker": "GF=F",
      "close": 359.22501,
      "open": 359.02499,
      "netChange": 0.20002,
      "pctChange": 0.0557,
      "wk52_hi": 381.025,
      "wk52_lo": 287.25
    },
    "hogs": {
      "ticker": "HE=F",
      "close": 103.65,
      "open": 103.05,
      "netChange": 0.6,
      "pctChange": 0.5822,
      "wk52_hi": 113.7,
      "wk52_lo": 77.35
    },
    "milk": {
      "ticker": "DC=F",
      "close": 18.53,
      "open": 17.99,
      "netChange": 0.54,
      "pctChange": 3.0017,
      "wk52_hi": 18.89,
      "wk52_lo": 14.53
    },
    "meal": {
      "ticker": "ZM=F",
      "close": 322.60001,
      "open": 322.29999,
      "netChange": 0.30002,
      "pctChange": 0.0931,
      "wk52_hi": 339.6,
      "wk52_lo": 258.6
    },
    "soyoil": {
      "ticker": "ZL=F",
      "close": 72.16,
      "open": 71.84,
      "netChange": 0.32,
      "pctChange": 0.4454,
      "wk52_hi": 72.31,
      "wk52_lo": 45.74
    },
    "crude": {
      "ticker": "CL=F",
      "close": 92.18,
      "open": 89.25,
      "netChange": 2.93,
      "pctChange": 3.2829,
      "wk52_hi": 119.48,
      "wk52_lo": 54.98
    },
    "natgas": {
      "ticker": "NG=F",
      "close": 2.746,
      "open": 2.714,
      "netChange": 0.032,
      "pctChange": 1.1791,
      "wk52_hi": 7.827,
      "wk52_lo": 2.561
    },
    "gold": {
      "ticker": "GC=F",
      "close": 4754.2002,
      "open": 4777.0,
      "netChange": -22.7998,
      "pctChange": -0.4773,
      "wk52_hi": 5586.2002,
      "wk52_lo": 3125.0
    },
    "silver": {
      "ticker": "SI=F",
      "close": 77.81,
      "open": 78.085,
      "netChange": -0.275,
      "pctChange": -0.3522,
      "wk52_hi": 121.3,
      "wk52_lo": 31.685
    },
    "dollar": {
      "ticker": "DX=F",
      "close": 100.0,
      "open": 99.873,
      "netChange": 0.127,
      "pctChange": 0.1272
    },
    "treasury10": {
      "ticker": "^TNX",
      "close": 4.288,
      "open": 4.292,
      "netChange": -0.004,
      "pctChange": -0.0932,
      "wk52_hi": 4.629,
      "wk52_lo": 3.947
    },
    "sp500": {
      "ticker": "^GSPC",
      "close": 7124.52002,
      "open": 7064.31006,
      "netChange": 60.20996,
      "pctChange": 0.8523,
      "wk52_hi": 7147.52,
      "wk52_lo": 5356.1699
    },
    "bitcoin": {
      "ticker": "BTC-USD",
      "close": 79037.97656,
      "open": 76356.0,
      "netChange": 2681.97656,
      "pctChange": 3.5125,
      "wk52_hi": 126198.0703,
      "wk52_lo": 60074.2031
    },
    "ripple": {
      "ticker": "XRP-USD",
      "close": 1.4558,
      "open": 1.4344,
      "netChange": 0.0214,
      "pctChange": 1.4919,
      "wk52_hi": 3.6502,
      "wk52_lo": 1.1335
    },
    "kaspa": {
      "ticker": "KAS-USD",
      "close": 0.03506,
      "open": 0.03425,
      "netChange": 0.00081,
      "pctChange": 2.365,
      "wk52_hi": 0.1308,
      "wk52_lo": 0.0139
    }
  }
}