{
  "fetched": "2026-04-17T09:00:27Z",
  "ok": 21,
  "failed": 1,
  "quotes": {
    "corn": {
      "ticker": "ZC=F",
      "close": 459.0,
      "open": 458.75,
      "netChange": 0.25,
      "pctChange": 0.0545,
      "wk52_hi": 487.25,
      "wk52_lo": 368.75
    },
    "corn-dec": {
      "ticker": "ZCZ26.CBT",
      "close": 477.5,
      "open": 477.0,
      "netChange": 0.5,
      "pctChange": 0.1048,
      "wk52_hi": 498.5,
      "wk52_lo": 440.75
    },
    "beans": {
      "ticker": "ZS=F",
      "close": 1161.75,
      "open": 1163.0,
      "netChange": -1.25,
      "pctChange": -0.1075,
      "wk52_hi": 1223.25,
      "wk52_lo": 960.75
    },
    "beans-nov": {
      "ticker": "ZSX26.CBT",
      "close": 1154.0,
      "open": 1154.5,
      "netChange": -0.5,
      "pctChange": -0.0433,
      "wk52_hi": 1174.25,
      "wk52_lo": 1023.25
    },
    "wheat": {
      "ticker": "ZW=F",
      "close": 606.25,
      "open": 606.75,
      "netChange": -0.5,
      "pctChange": -0.0824,
      "wk52_hi": 635.0,
      "wk52_lo": 492.25
    },
    "oats": {
      "ticker": "ZO=F",
      "close": 350.25,
      "open": 342.75,
      "netChange": 7.5,
      "pctChange": 2.1882,
      "wk52_hi": 403.5,
      "wk52_lo": 272.0
    },
    "cattle": {
      "ticker": "LE=F",
      "close": 247.6,
      "open": 251.22501,
      "netChange": -3.62501,
      "pctChange": -1.4429,
      "wk52_hi": 253.6,
      "wk52_lo": 204.55
    },
    "feeders": {
      "ticker": "GF=F",
      "close": 368.35,
      "open": 372.07501,
      "netChange": -3.72501,
      "pctChange": -1.0011,
      "wk52_hi": 381.025,
      "wk52_lo": 285.1
    },
    "hogs": {
      "ticker": "HE=F",
      "close": 101.7,
      "open": 101.825,
      "netChange": -0.125,
      "pctChange": -0.1228,
      "wk52_hi": 113.7,
      "wk52_lo": 77.35
    },
    "milk": {
      "ticker": "DC=F",
      "close": 17.03,
      "open": 17.07,
      "netChange": -0.04,
      "pctChange": -0.2343,
      "wk52_hi": 18.89,
      "wk52_lo": 14.53
    },
    "meal": {
      "ticker": "ZM=F",
      "close": 327.20001,
      "open": 327.89999,
      "netChange": -0.69998,
      "pctChange": -0.2135,
      "wk52_hi": 339.6,
      "wk52_lo": 258.6
    },
    "soyoil": {
      "ticker": "ZL=F",
      "close": 68.92,
      "open": 68.87,
      "netChange": 0.05,
      "pctChange": 0.0726,
      "wk52_hi": 70.49,
      "wk52_lo": 45.74
    },
    "crude": {
      "ticker": "CL=F",
      "close": 89.21,
      "open": 89.83,
      "netChange": -0.62,
      "pctChange": -0.6902,
      "wk52_hi": 119.48,
      "wk52_lo": 54.98
    },
    "natgas": {
      "ticker": "NG=F",
      "close": 2.682,
      "open": 2.658,
      "netChange": 0.024,
      "pctChange": 0.9029,
      "wk52_hi": 7.827,
      "wk52_lo": 2.561
    },
    "gold": {
      "ticker": "GC=F",
      "close": 4816.1001,
      "open": 4814.1001,
      "netChange": 2.0,
      "pctChange": 0.0415,
      "wk52_hi": 5586.2002,
      "wk52_lo": 3125.0
    },
    "silver": {
      "ticker": "SI=F",
      "close": 79.415,
      "open": 78.99,
      "netChange": 0.425,
      "pctChange": 0.538,
      "wk52_hi": 121.3,
      "wk52_lo": 31.685
    },
    "dollar": {
      "ticker": "DX=F",
      "close": 100.0,
      "open": 99.873,
      "netChange": 0.127,
      "pctChange": 0.1272
    },
    "treasury10": {
      "ticker": "^TNX",
      "close": 4.309,
      "open": 4.282,
      "netChange": 0.027,
      "pctChange": 0.6305,
      "wk52_hi": 4.629,
      "wk52_lo": 3.947
    },
    "sp500": {
      "ticker": "^GSPC",
      "close": 7041.27979,
      "open": 7022.95,
      "netChange": 18.32979,
      "pctChange": 0.261,
      "wk52_hi": 7051.23,
      "wk52_lo": 5101.6299
    },
    "bitcoin": {
      "ticker": "BTC-USD",
      "close": 75768.75,
      "open": 75183.64844,
      "netChange": 585.10156,
      "pctChange": 0.7782,
      "wk52_hi": 126198.0703,
      "wk52_lo": 60074.2031
    },
    "ripple": {
      "ticker": "XRP-USD",
      "close": 1.4465,
      "open": 1.4535,
      "netChange": -0.007,
      "pctChange": -0.4816,
      "wk52_hi": 3.6502,
      "wk52_lo": 1.1335
    },
    "kaspa": {
      "ticker": "KAS-USD",
      "close": 0.03509,
      "open": 0.03407,
      "netChange": 0.00102,
      "pctChange": 2.9938,
      "wk52_hi": 0.1308,
      "wk52_lo": 0.0139
    }
  }
}