{
  "fetched": "2026-04-13T19:10:04Z",
  "ok": 21,
  "failed": 1,
  "quotes": {
    "corn": {
      "ticker": "ZC=F",
      "close": 441.0,
      "open": 444.25,
      "netChange": -3.25,
      "pctChange": -0.7316,
      "wk52_hi": 490.25,
      "wk52_lo": 368.75
    },
    "corn-dec": {
      "ticker": "ZCZ26.CBT",
      "close": 471.25,
      "open": 475.5,
      "netChange": -4.25,
      "pctChange": -0.8938,
      "wk52_hi": 498.5,
      "wk52_lo": 440.75
    },
    "beans": {
      "ticker": "ZS=F",
      "close": 1160.75,
      "open": 1176.75,
      "netChange": -16.0,
      "pctChange": -1.3597,
      "wk52_hi": 1223.25,
      "wk52_lo": 960.75
    },
    "beans-nov": {
      "ticker": "ZSX26.CBT",
      "close": 1148.0,
      "open": 1160.5,
      "netChange": -12.5,
      "pctChange": -1.0771,
      "wk52_hi": 1174.25,
      "wk52_lo": 1023.25
    },
    "wheat": {
      "ticker": "ZW=F",
      "close": 581.75,
      "open": 579.75,
      "netChange": 2.0,
      "pctChange": 0.345,
      "wk52_hi": 635.0,
      "wk52_lo": 492.25
    },
    "oats": {
      "ticker": "ZO=F",
      "close": 339.5,
      "open": 334.0,
      "netChange": 5.5,
      "pctChange": 1.6467,
      "wk52_hi": 403.5,
      "wk52_lo": 272.0
    },
    "cattle": {
      "ticker": "LE=F",
      "close": 248.7,
      "open": 249.075,
      "netChange": -0.375,
      "pctChange": -0.1506,
      "wk52_hi": 252.25,
      "wk52_lo": 202.625
    },
    "feeders": {
      "ticker": "GF=F",
      "close": 373.32501,
      "open": 372.27499,
      "netChange": 1.05002,
      "pctChange": 0.2821,
      "wk52_hi": 381.025,
      "wk52_lo": 285.1
    },
    "hogs": {
      "ticker": "HE=F",
      "close": 102.975,
      "open": 103.55,
      "netChange": -0.575,
      "pctChange": -0.5553,
      "wk52_hi": 113.7,
      "wk52_lo": 77.35
    },
    "milk": {
      "ticker": "DC=F",
      "close": 17.18,
      "open": 17.94,
      "netChange": -0.76,
      "pctChange": -4.2363,
      "wk52_hi": 18.89,
      "wk52_lo": 14.53
    },
    "meal": {
      "ticker": "ZM=F",
      "close": 331.89999,
      "open": 332.20001,
      "netChange": -0.30002,
      "pctChange": -0.0903,
      "wk52_hi": 335.5,
      "wk52_lo": 258.6
    },
    "soyoil": {
      "ticker": "ZL=F",
      "close": 66.39,
      "open": 67.73,
      "netChange": -1.34,
      "pctChange": -1.9784,
      "wk52_hi": 70.49,
      "wk52_lo": 45.74
    },
    "crude": {
      "ticker": "CL=F",
      "close": 97.08,
      "open": 104.85,
      "netChange": -7.77,
      "pctChange": -7.4106,
      "wk52_hi": 119.48,
      "wk52_lo": 54.98
    },
    "natgas": {
      "ticker": "NG=F",
      "close": 2.63,
      "open": 2.671,
      "netChange": -0.041,
      "pctChange": -1.535,
      "wk52_hi": 7.827,
      "wk52_lo": 2.622
    },
    "gold": {
      "ticker": "GC=F",
      "close": 4762.0,
      "open": 4741.6001,
      "netChange": 20.3999,
      "pctChange": 0.4302,
      "wk52_hi": 5586.2002,
      "wk52_lo": 3125.0
    },
    "silver": {
      "ticker": "SI=F",
      "close": 75.635,
      "open": 74.475,
      "netChange": 1.16,
      "pctChange": 1.5576,
      "wk52_hi": 121.3,
      "wk52_lo": 31.685
    },
    "dollar": {
      "ticker": "DX=F",
      "close": 100.0,
      "open": 99.873,
      "netChange": 0.127,
      "pctChange": 0.1272
    },
    "treasury10": {
      "ticker": "^TNX",
      "close": 4.299,
      "open": 4.317,
      "netChange": -0.018,
      "pctChange": -0.417,
      "wk52_hi": 4.629,
      "wk52_lo": 3.947
    },
    "sp500": {
      "ticker": "^GSPC",
      "close": 6856.70996,
      "open": 6817.8999,
      "netChange": 38.81006,
      "pctChange": 0.5692,
      "wk52_hi": 7002.2798,
      "wk52_lo": 5101.6299
    },
    "bitcoin": {
      "ticker": "BTC-USD",
      "close": 72369.91406,
      "open": 70726.07031,
      "netChange": 1643.84375,
      "pctChange": 2.3242,
      "wk52_hi": 126198.0703,
      "wk52_lo": 60074.2031
    },
    "ripple": {
      "ticker": "XRP-USD",
      "close": 1.34049,
      "open": 1.32502,
      "netChange": 0.01547,
      "pctChange": 1.1675,
      "wk52_hi": 3.6502,
      "wk52_lo": 1.1335
    },
    "kaspa": {
      "ticker": "KAS-USD",
      "close": 0.03195,
      "open": 0.03146,
      "netChange": 0.00049,
      "pctChange": 1.5575,
      "wk52_hi": 0.1308,
      "wk52_lo": 0.0139
    }
  }
}